e,a,d
0,0,2010-09-03
1,0,2010-10-30
2,0,2010-11-16
3,0,2011-01-12
4,2,2011-03-12
5,0,2011-03-20
6,0,2011-04-01
7,0,2011-07-17
8,0,2011-07-28
9,1,2011-08-09
10,0,2011-08-14
11,0,2011-11-29
12,3,2011-12-02
13,2,2011-12-13
14,5,2011-12-21
15,0,2011-12-28
16,3,2012-02-15
17,2,2012-02-17
18,0,2012-04-19
19,2,2012-05-22
20,0,2012-05-25
21,2,2012-06-09
22,0,2012-06-20
23,0,2012-07-16
24,3,2012-08-11
25,2,2012-08-12
26,2,2012-08-15
27,2,2012-08-29
28,2,2012-09-07
29,2,2012-09-12
30,2,2012-09-13
31,0,2012-09-21
32,0,2012-10-04
33,2,2012-10-07
34,2,2012-11-02
35,0,2012-11-10
36,2,2012-12-07
37,2,2012-12-10
38,2,2012-12-27
39,0,2012-12-18
40,0,2012-12-22
41,2,2012-12-11
42,5,2012-12-28
43,5,2013-01-14
44,0,2013-02-05
45,0,2013-02-16
46,5,2013-03-09
47,0,2013-03-14
48,0,2013-05-03
49,5,2013-05-06
50,0,2013-06-23
51,3,2013-07-03
52,2,2013-07-04
53,2,2013-07-11
54,2,2013-07-17
55,2,2013-07-30
56,0,2013-09-02
57,5,2013-09-04
58,0,2013-09-13
59,0,2013-09-22
60,5,2013-09-26
61,2,2013-10-08
62,0,2013-10-13
63,5,2013-10-18
64,2,2013-11-01
65,5,2013-11-05
66,0,2013-11-08
67,0,2013-11-15
68,2,2013-11-15
69,2,2013-11-26
70,0,2013-12-02
71,5,2014-01-18
72,0,2014-01-25
73,0,2014-01-27
74,3,2014-02-10
75,0,2014-02-18
76,0,2014-02-25
77,0,2014-02-26
78,5,2014-03-01
79,5,2014-03-03
80,0,2014-03-08
81,2,2014-03-12
82,3,2014-03-21
83,4,2014-03-21
84,0,2014-03-21
85,5,2014-03-22
86,0,2014-03-24
87,10,2014-03-28
88,2,2014-04-01
89,0,2014-04-04
90,0,2014-04-07
91,0,2014-04-16
92,0,2014-05-02
93,1,2014-05-09
94,0,2014-05-20
95,0,2014-05-29
96,7,2014-05-30
97,0,2014-06-07
98,0,2014-06-16
99,7,2014-06-26
100,0,2014-07-07
101,2,2014-07-25
102,2,2014-08-06
103,0,2014-08-22
104,2,2014-09-07
105,5,2014-09-09
106,0,2014-09-15
107,2,2014-09-15
108,7,2014-09-17
109,0,2014-09-20
110,7,2014-09-29
111,5,2014-10-14
112,0,2014-10-21
113,2,2014-10-25
114,2,2014-10-26
115,0,2014-10-28
116,0,2014-11-06
117,5,2014-11-14
118,4,2014-11-16
119,0,2014-11-27
120,7,2014-11-30
121,2,2014-12-02
122,0,2014-12-04
123,2,2014-12-05
124,2,2015-01-30
125,0,2014-12-08
126,0,2015-01-13
127,0,2015-01-10
128,5,2015-01-11
129,0,2015-01-03
130,9,2014-12-08
131,5,2015-02-02
132,0,2015-02-06
133,5,2015-02-07
134,0,2015-02-28
135,7,2015-03-04
136,9,2015-03-10
137,3,2015-03-13
138,7,2015-03-21
139,0,2015-03-22
140,0,2015-03-31
141,3,2015-04-01
142,0,2015-04-01
143,0,2015-04-14
144,2,2015-04-19
145,0,2015-04-26
146,3,2015-05-21
147,0,2015-05-25
148,0,2015-05-30
149,0,2015-05-31
150,0,2015-06-01
151,5,2015-06-04
152,0,2015-06-05
153,5,2015-06-08
154,2,2015-06-11
155,0,2015-06-11
156,5,2015-06-27
157,5,2015-07-06
158,0,2015-07-07
159,5,2015-07-08
160,5,2015-07-11
161,7,2015-07-18
162,7,2015-08-07
163,10,2015-08-16
164,9,2015-08-09
165,7,2015-08-08
166,0,2015-08-25
167,2,2015-08-28
168,0,2015-09-10
169,0,2015-09-11
170,1,2015-09-14
171,0,2015-09-15
172,2,2015-10-01
173,1,2015-10-07
174,2,2015-10-11
175,0,2015-10-19
176,0,2015-10-29
177,10,2015-10-31
178,10,2015-11-07
179,0,2015-11-10
180,1,2015-11-12
181,9,2015-11-15
182,9,2015-11-19
183,5,2015-11-22
184,0,2015-11-22
185,2,2015-11-23
186,1,2015-11-24
187,2,2015-11-29
188,9,2015-12-04
189,3,2015-12-12
190,7,2015-12-23
191,8,2015-12-24
192,0,2015-12-26
193,0,2015-12-29
194,11,2015-12-30
195,1,2015-12-30
196,4,2015-12-31
197,0,2016-01-01
198,7,2016-01-11
199,0,2016-01-11
200,0,2016-01-15
201,2,2016-01-15
202,0,2016-01-17
203,0,2016-01-20
204,0,2016-02-26
205,7,2016-01-23
206,5,2016-01-24
207,1,2016-01-26
208,0,2016-01-30
209,5,2016-02-04
210,5,2016-02-08
211,0,2016-02-11
212,7,2016-01-20
213,0,2016-02-27
214,7,2016-03-01
215,0,2016-03-08
216,7,2016-03-14
217,0,2016-03-15
218,5,2016-05-14
219,8,2016-03-21
220,2,2016-03-25
221,7,2016-03-30
222,10,2016-04-25
223,5,2016-03-31
224,7,2016-05-09
225,0,2016-04-05
226,9,2016-04-10
227,5,2016-04-15
228,4,2016-04-21
229,2,2016-04-22
230,2,2016-03-31
231,0,2016-04-27
232,5,2016-04-28
233,11,2016-04-30
234,0,2016-03-31
235,0,2016-05-17
236,0,2016-03-20
237,1,2016-05-20
238,5,2016-05-22
239,1,2016-05-22
240,5,2016-05-23
241,0,2016-05-28
242,0,2016-05-30
243,3,2016-05-31
244,3,2016-06-04
245,6,2016-07-15
246,6,2016-06-13
247,1,2016-06-20
248,9,2016-06-22
249,6,2016-06-25
250,3,2016-06-26
251,5,2016-07-01
252,11,2016-07-03
253,5,2016-07-03
254,5,2016-07-06
255,4,2016-07-08
256,11,2016-07-08
257,0,2016-07-08
258,0,2016-06-05
259,0,2016-07-17
260,5,2016-07-19
261,3,2016-07-20
262,2,2016-07-22
263,7,2016-07-26
264,3,2016-07-26
265,0,2016-07-26
266,3,2016-07-29
267,0,2016-07-30
268,3,2016-07-31
269,5,2016-08-03
270,2,2016-08-05
271,0,2016-08-05
272,3,2016-08-07
273,7,2016-08-08
274,0,2016-08-09
275,8,2016-08-13
276,0,2016-08-15
277,0,2016-09-13
278,0,2016-08-18
279,3,2016-08-21
280,0,2016-08-25
281,11,2016-08-25
282,3,2016-08-27
283,5,2016-08-27
284,3,2016-08-29
285,10,2016-09-15
286,3,2016-08-31
287,2,2016-09-04
288,3,2016-09-05
289,3,2016-08-17
290,3,2016-09-15
291,5,2016-08-30
292,1,2016-09-17
293,0,2016-09-18
294,0,2016-09-20
295,0,2016-09-25
296,3,2016-09-26
297,0,2016-09-27
298,5,2016-10-02
299,7,2016-10-07
300,7,2016-10-14
301,3,2016-10-18
302,5,2016-10-19
303,2,2016-10-23
304,9,2016-10-25
305,5,2016-10-28
306,0,2016-10-30
307,2,2016-11-04
308,5,2016-11-05
309,2,2016-11-09
310,13,2016-11-11
311,0,2016-11-20
312,0,2016-11-29
313,0,2016-12-07
314,2,2016-12-09
315,5,2016-12-13
316,7,2016-12-27
317,5,2017-01-15
318,5,2017-01-05
319,2,2017-01-05
320,3,2017-01-09
321,0,2017-01-10
322,7,2017-01-11
323,0,2016-12-28
324,0,2017-01-16
325,7,2017-01-17
326,0,2017-01-19
327,8,2017-01-21
328,0,2017-01-26
329,3,2017-01-28
330,11,2017-02-25
331,0,2017-01-29
332,13,2017-02-02
333,8,2017-02-02
334,5,2017-02-03
335,2,2017-02-03
336,0,2017-02-03
337,15,2017-02-06
338,5,2017-02-11
339,9,2017-02-12
340,3,2017-02-13
341,5,2017-02-14
342,8,2017-02-17
343,0,2017-02-22
344,5,2017-02-23
345,5,2017-01-29
346,5,2017-02-27
347,2,2017-03-03
348,3,2017-03-08
349,5,2017-03-10
350,9,2017-03-11
351,0,2017-03-12
352,1,2017-03-12
353,5,2017-03-26
354,0,2017-03-27
355,3,2017-04-02
356,5,2017-05-27
357,11,2017-04-09
358,1,2017-04-11
359,4,2017-06-12
360,8,2017-04-14
361,3,2017-04-18
362,0,2017-04-27
363,11,2017-04-28
364,9,2017-05-01
365,5,2017-05-08
366,0,2017-05-14
367,0,2017-05-15
368,5,2017-05-22
369,9,2017-04-04
370,5,2017-05-23
371,0,2017-05-29
372,0,2017-05-30
373,0,2017-05-31
374,9,2017-06-01
375,11,2017-06-05
376,10,2017-06-05
377,0,2017-08-01
378,5,2017-09-06
379,0,2017-06-07
380,8,2017-06-08
381,5,2017-06-08
382,2,2017-06-11
383,5,2017-04-14
384,2,2017-06-14
385,8,2017-06-15
386,1,2017-06-20
387,10,2017-06-22
388,5,2017-06-28
389,0,2017-06-30
390,0,2017-07-06
391,5,2017-07-06
392,9,2017-07-08
393,0,2017-06-06
394,10,2017-07-13
395,1,2017-07-15
396,0,2017-07-16
397,9,2017-07-19
398,7,2017-07-20
399,11,2017-07-22
400,0,2017-07-24
401,7,2017-07-25
402,11,2017-07-27
403,0,2017-07-28
404,0,2017-07-29
405,0,2017-07-30
406,17,2017-07-30
407,10,2017-07-31
408,2,2017-06-06
409,5,2017-09-27
410,0,2017-08-04
411,9,2017-08-06
412,0,2017-08-11
413,7,2017-09-29
414,0,2017-08-14
415,9,2017-08-20
416,11,2017-08-25
417,7,2017-09-09
418,0,2017-09-01
419,0,2017-09-09
420,0,2017-09-02
421,1,2017-09-03
422,0,2017-07-11
423,6,2017-08-29
424,5,2017-09-01
425,5,2017-09-12
426,0,2017-09-13
427,0,2017-09-14
428,0,2017-09-15
429,0,2017-09-16
430,10,2017-09-16
431,8,2017-09-21
432,7,2017-09-21
433,13,2017-09-27
434,0,2017-08-02
435,0,2017-09-29
436,0,2017-08-12
437,4,2017-10-01
438,7,2017-10-03
439,2,2017-10-05
440,8,2017-10-06
441,0,2017-10-07
442,0,2017-10-12
443,5,2017-10-12
444,0,2017-10-13
445,2,2017-10-16
446,8,2017-10-17
447,5,2017-10-18
448,3,2017-10-19
449,1,2017-10-20
450,3,2017-10-22
451,2,2017-10-22
452,10,2017-10-23
453,0,2017-10-23
454,0,2017-10-24
455,5,2017-12-08
456,2,2017-10-26
457,3,2017-10-27
458,9,2017-10-29
459,0,2017-11-20
460,0,2017-11-04
461,3,2017-11-05
462,1,2017-11-06
463,0,2017-11-06
464,7,2017-11-09
465,2,2017-11-12
466,0,2017-11-12
467,3,2017-11-12
468,2,2017-11-13
469,5,2017-11-14
470,0,2017-11-17
471,6,2017-11-19
472,5,2017-11-19
473,7,2017-12-14
474,8,2017-11-21
475,0,2017-11-22
476,8,2017-11-23
477,7,2017-11-24
478,10,2017-11-25
479,1,2017-11-25
480,15,2017-11-26
481,3,2017-11-26
482,3,2017-11-30
483,9,2017-12-03
484,5,2017-12-06
485,2,2017-12-06
486,2,2017-10-24
487,5,2017-12-09
488,5,2017-12-11
489,7,2017-12-12
490,5,2017-10-31
491,9,2017-12-15
492,5,2017-12-17
493,8,2017-12-19
494,0,2017-12-21
495,9,2017-12-21
496,5,2017-12-22
497,2,2017-12-24
498,11,2017-12-26
499,7,2017-12-26
500,6,2017-12-27
501,7,2017-12-27
502,9,2017-12-28
503,6,2017-12-28
504,5,2018-01-08
505,1,2018-01-13
506,8,2018-01-14
507,7,2018-01-16
508,10,2018-01-17
509,0,2018-01-19
510,10,2018-02-24
511,0,2018-01-25
512,6,2018-01-27
513,5,2018-01-26
514,10,2018-03-09
515,7,2018-01-29
516,10,2018-01-30
517,10,2018-02-01
518,5,2018-02-01
519,2,2018-02-08
520,5,2018-02-09
521,7,2018-02-15
522,5,2018-02-17
523,0,2018-02-21
524,10,2018-02-22
525,9,2018-02-24
526,2,2018-01-20
527,3,2018-02-26
528,2,2018-03-01
529,7,2018-03-02
530,3,2018-03-03
531,0,2018-03-06
532,5,2018-03-06
533,9,2018-03-08
534,0,2018-03-08
535,15,2018-04-15
536,0,2018-03-11
537,11,2018-03-12
538,10,2018-03-14
539,0,2018-03-15
540,0,2018-03-17
541,5,2018-03-22
542,0,2018-03-24
543,0,2018-03-27
544,0,2018-05-25
545,0,2018-03-31
546,6,2018-04-01
547,9,2018-04-02
548,2,2018-04-03
549,10,2018-04-06
550,10,2018-04-07
551,5,2018-04-07
552,0,2018-04-07
553,7,2018-04-07
554,0,2018-04-08
555,0,2018-04-10
556,3,2018-04-10
557,10,2018-04-10
558,0,2018-04-11
559,9,2018-01-26
560,5,2018-04-15
561,0,2018-04-16
562,10,2018-04-17
563,5,2018-04-18
564,7,2018-04-19
565,6,2018-04-19
566,10,2018-04-20
567,0,2018-04-22
568,0,2018-04-23
569,2,2018-04-26
570,9,2018-04-29
571,4,2018-04-29
572,7,2018-04-30
573,2,2018-05-01
574,2,2018-05-03
575,9,2018-05-04
576,10,2018-05-14
577,0,2018-05-28
578,8,2018-05-16
579,3,2018-05-18
580,5,2018-05-18
581,7,2018-05-19
582,2,2018-05-22
583,2,2018-05-23
584,5,2018-05-24
585,5,2018-03-31
586,5,2018-05-25
587,10,2018-05-26
588,18,2018-05-15
589,2,2018-05-29
590,11,2018-05-29
591,2,2018-05-30
592,5,2018-06-01
593,10,2018-06-02
594,5,2018-06-20
595,19,2018-06-02
596,5,2018-06-03
597,8,2018-06-04
598,0,2018-06-02
599,0,2018-06-06
600,3,2018-06-07
601,2,2018-07-05
602,8,2018-06-15
603,0,2018-06-18
604,5,2018-06-05
605,7,2018-06-20
606,2,2018-07-21
607,5,2018-06-22
608,2,2018-06-22
609,13,2018-06-23
610,2,2018-06-23
611,8,2018-07-23
612,7,2018-08-11
613,0,2018-08-25
614,0,2018-07-01
615,13,2018-07-02
616,8,2018-07-03
617,0,2018-06-25
618,10,2018-07-05
619,9,2018-07-12
620,0,2018-07-13
621,2,2018-07-18
622,0,2018-07-19
623,5,2018-06-21
624,0,2018-07-20
625,1,2018-09-01
626,4,2018-07-20
627,9,2018-06-11
628,2,2018-07-26
629,7,2018-07-26
630,10,2018-07-26
631,9,2018-08-13
632,0,2018-07-29
633,9,2018-07-30
634,0,2018-07-31
635,10,2018-08-03
636,0,2018-09-24
637,0,2018-08-04
638,10,2018-08-04
639,0,2018-08-08
640,2,2018-08-10
641,0,2018-06-26
642,10,2018-08-13
643,7,2018-07-27
644,13,2018-08-13
645,21,2018-08-12
646,7,2018-08-15
647,18,2018-08-15
648,0,2018-08-16
649,5,2018-08-17
650,13,2018-08-20
651,0,2018-08-20
652,13,2018-08-21
653,0,2018-08-23
654,7,2018-08-24
655,0,2018-06-29
656,0,2018-09-17
657,10,2018-08-30
658,10,2018-08-31
659,10,2018-07-22
660,6,2018-09-04
661,9,2018-09-08
662,7,2018-09-10
663,1,2018-09-11
664,1,2018-09-12
665,3,2018-09-15
666,0,2018-09-15
667,7,2018-09-16
668,0,2018-08-28
669,5,2018-09-17
670,0,2018-09-18
671,0,2018-09-19
672,13,2018-09-21
673,0,2018-09-23
674,8,2018-08-03
675,3,2018-09-25
676,5,2018-09-27
677,7,2018-09-30
678,3,2018-09-30
679,7,2018-11-24
680,0,2018-10-01
681,2,2018-10-02
682,2,2018-10-05
683,0,2018-10-06
684,9,2018-10-09
685,0,2018-10-13
686,5,2018-10-19
687,6,2018-10-26
688,0,2018-10-27
689,5,2018-10-31
690,9,2018-11-01
691,0,2018-11-03
692,11,2018-11-07
693,9,2018-11-10
694,2,2018-11-13
695,0,2018-11-13
696,1,2018-11-16
697,11,2018-11-17
698,2,2018-11-22
699,10,2018-11-22
700,0,2018-11-23
701,3,2018-11-23
702,6,2018-09-30
703,2,2018-11-28
704,18,2018-11-28
705,6,2018-11-30
706,10,2018-11-30
707,2,2018-12-05
708,8,2018-12-06
709,3,2018-12-07
710,0,2018-12-08
711,8,2018-12-11
712,2,2018-12-12
713,4,2018-12-16
714,6,2018-12-17
715,8,2018-12-17
716,21,2018-12-17
717,5,2018-12-18
718,0,2018-12-20
719,2,2018-12-21
720,8,2018-12-30
721,6,2018-12-31
722,11,2019-02-19
723,0,2019-02-27
724,2,2019-01-03
725,5,2019-01-03
726,6,2019-01-06
727,2,2019-01-07
728,0,2019-01-07
729,10,2019-01-09
730,6,2019-01-11
731,5,2019-01-11
732,11,2019-01-11
733,18,2019-01-20
734,6,2019-01-15
735,3,2019-01-16
736,10,2019-01-17
737,15,2019-03-10
738,0,2019-01-19
739,10,2019-01-14
740,2,2019-01-22
741,4,2019-01-24
742,15,2019-01-25
743,10,2019-01-02
744,0,2019-01-30
745,0,2019-02-04
746,10,2019-02-05
747,0,2019-02-05
748,7,2019-02-08
749,11,2019-02-09
750,5,2019-02-10
751,11,2019-04-09
752,2,2019-02-12
753,13,2019-02-12
754,10,2019-02-14
755,5,2019-02-15
756,5,2019-02-18
757,5,2019-01-01
758,11,2019-02-23
759,0,2019-04-10
760,2,2019-02-25
761,7,2019-02-27
762,1,2019-01-25
763,11,2019-02-28
764,3,2019-03-31
765,6,2019-03-02
766,0,2019-03-03
767,7,2019-04-03
768,9,2019-03-09
769,5,2019-03-10
770,0,2019-01-18
771,0,2019-03-15
772,6,2019-03-15
773,2,2019-03-16
774,11,2019-03-17
775,0,2019-03-18
776,2,2019-03-19
777,8,2019-02-10
778,0,2019-03-22
779,10,2019-03-23
780,9,2019-03-23
781,6,2019-03-24
782,18,2019-03-29
783,13,2019-03-29
784,6,2019-03-31
785,0,2019-02-28
786,5,2019-03-08
787,5,2019-04-04
788,0,2019-04-04
789,6,2019-04-05
790,9,2019-04-06
791,7,2019-05-18
792,8,2019-04-07
793,15,2019-04-30
794,6,2019-04-09
795,7,2019-03-19
796,6,2019-02-24
797,7,2019-04-12
798,5,2019-06-23
799,0,2019-05-02
800,0,2019-04-19
801,18,2019-04-19
802,11,2019-04-20
803,5,2019-04-21
804,5,2019-04-22
805,2,2019-04-22
806,18,2019-05-29
807,5,2019-04-25
808,8,2019-04-26
809,9,2019-04-26
810,0,2019-04-27
811,19,2019-04-08
812,7,2019-04-30
813,0,2019-04-16
814,2,2019-05-03
815,8,2019-05-04
816,10,2019-05-04
817,0,2019-06-01
818,9,2019-05-09
819,9,2019-05-10
820,5,2019-05-10
821,0,2019-05-11
822,2,2019-05-06
823,2,2019-05-18
824,9,2019-04-07
825,2,2019-05-20
826,0,2019-05-24
827,6,2019-05-25
828,2,2019-04-15
829,0,2019-04-23
830,6,2019-05-29
831,0,2019-05-30
832,7,2019-05-14
833,0,2019-06-05
834,5,2019-06-05
835,0,2019-06-06
836,10,2019-06-09
837,11,2019-06-11
838,0,2019-06-11
839,2,2019-06-12
840,5,2019-06-13
841,8,2019-06-14
842,1,2019-06-14
843,18,2019-06-17
844,0,2019-06-20
845,0,2019-06-21
846,0,2019-06-28
847,0,2019-06-22
848,21,2019-06-23
849,5,2019-05-29
850,0,2019-06-24
851,8,2019-06-25
852,2,2019-06-27
853,0,2019-07-01
854,6,2019-08-12
855,2,2019-06-30
856,8,2019-06-30
857,0,2019-07-27
858,6,2019-07-01
859,9,2019-06-21
860,8,2019-07-05
861,0,2019-07-08
862,6,2019-07-09
863,0,2019-07-10
864,5,2019-07-11
865,2,2019-07-11
866,6,2019-08-30
867,9,2019-07-18
868,5,2019-07-19
869,13,2019-07-25
870,19,2019-07-25
871,3,2019-07-26
872,8,2019-07-27
873,7,2019-06-30
874,7,2019-07-28
875,13,2019-07-30
876,0,2019-08-01
877,6,2019-08-05
878,13,2019-08-06
879,0,2019-08-06
880,5,2019-08-08
881,0,2019-08-12
882,2,2019-08-10
883,0,2019-08-10
884,5,2019-08-13
885,2,2019-08-12
886,0,2019-08-08
887,10,2019-06-29
888,0,2019-08-14
889,13,2019-08-15
890,13,2019-07-13
891,21,2019-08-15
892,0,2019-08-16
893,0,2019-08-17
894,0,2019-08-18
895,9,2019-08-19
896,7,2019-08-19
897,2,2019-08-20
898,2,2019-08-21
899,19,2019-08-23
900,8,2019-08-23
901,6,2019-08-24
902,0,2019-08-25
903,19,2019-08-25
904,2,2019-09-12
905,10,2019-08-27
906,5,2019-08-27
907,9,2019-08-28
908,5,2019-08-28
909,6,2019-10-04
910,3,2019-08-29
911,9,2019-08-30
912,10,2019-08-15
913,7,2019-08-30
914,8,2019-08-31
915,9,2019-08-31
916,2,2019-09-01
917,18,2019-09-02
918,6,2019-09-03
919,5,2019-09-03
920,10,2019-09-04
921,2,2019-09-04
922,0,2019-09-06
923,7,2019-09-08
924,7,2019-09-10
925,7,2019-09-21
926,5,2019-09-14
927,0,2019-09-15
928,0,2019-09-17
929,0,2019-08-26
930,10,2019-09-25
931,5,2019-09-26
932,8,2019-09-29
933,0,2019-09-29
934,19,2019-09-30
935,18,2019-09-30
936,0,2019-09-30
937,15,2019-10-01
938,13,2019-10-02
939,4,2019-11-24
940,2,2019-10-03
941,5,2019-08-29
942,15,2019-10-05
943,2,2019-10-09
944,6,2019-10-08
945,5,2019-10-09
946,0,2019-10-16
947,18,2019-10-18
948,8,2019-12-01
949,18,2019-10-21
950,0,2019-12-02
951,17,2019-10-20
952,15,2019-10-21
953,13,2019-10-24
954,8,2019-10-25
955,13,2019-10-27
956,9,2019-10-27
957,8,2019-10-27
958,19,2019-10-28
959,19,2019-11-17
960,8,2019-11-01
961,0,2019-11-01
962,2,2019-11-02
963,10,2019-11-02
964,0,2019-11-03
965,0,2019-11-22
966,5,2019-11-06
967,5,2019-11-07
968,5,2019-11-08
969,6,2019-11-29
970,8,2019-11-08
971,2,2019-11-10
972,9,2019-11-11
973,0,2019-11-11
974,6,2019-11-06
975,9,2019-11-17
976,9,2019-11-18
977,0,2019-11-18
978,9,2019-12-18
979,11,2019-12-02
980,0,2019-12-30
981,9,2019-10-31
982,2,2019-12-12
983,18,2019-11-25
984,0,2019-11-08
985,7,2019-12-01
986,6,2019-10-19
987,0,2019-10-20
988,17,2019-12-02
989,8,2019-11-21
990,4,2019-12-13
991,17,2019-12-04
992,13,2020-01-05
993,19,2019-12-16
994,7,2019-12-08
995,0,2019-12-08
996,0,2019-12-09
997,0,2019-10-02
998,5,2019-12-03
999,0,2019-12-13
1000,9,2019-12-14
1001,0,2019-12-06
1002,5,2019-11-19
1003,8,2019-12-18
1004,7,2020-01-20
1005,5,2020-01-16
1006,9,2019-12-20
1007,13,2019-12-23
1008,13,2019-12-25
1009,0,2019-12-25
1010,3,2019-12-27
1011,5,2019-12-27
1012,11,2019-12-30
1013,0,2019-11-21
1014,0,2019-12-20
1015,3,2019-12-31
1016,19,2020-01-02
1017,7,2020-01-03
1018,0,2020-01-04
1019,15,2019-12-05
1020,10,2020-01-06
1021,10,2020-01-07
1022,13,2020-01-07
1023,0,2020-01-08
1024,8,2020-01-08
1025,11,2020-01-09
1026,9,2020-01-12
1027,2,2020-01-10
1028,2,2020-01-15
1029,19,2020-01-11
1030,4,2020-01-09
1031,7,2020-01-13
1032,13,2020-01-13
1033,2,2020-01-13
1034,6,2020-01-13
1035,2,2020-01-11
1036,6,2020-01-14
1037,9,2020-01-13
1038,9,2019-12-30
1039,8,2020-01-16
1040,8,2020-01-19
1041,0,2020-01-19
1042,0,2019-12-19
1043,5,2020-01-20
1044,13,2020-01-20
1045,8,2020-01-22
1046,11,2020-01-22
1047,2,2020-01-24
1048,2,2020-02-25
1049,15,2020-01-27
1050,5,2020-01-28
1051,0,2020-01-29
1052,18,2020-01-29
1053,0,2020-02-01
1054,0,2020-02-04
1055,7,2020-02-07
1056,13,2020-02-08
1057,5,2020-02-08
1058,0,2020-02-08
1059,18,2020-02-10
1060,21,2020-02-10
1061,21,2020-02-13
1062,7,2020-02-13
1063,5,2020-02-13
1064,9,2020-02-15
1065,0,2020-02-15
1066,11,2020-02-16
1067,9,2020-02-16
1068,8,2020-02-18
1069,19,2020-02-20
1070,15,2020-02-20
1071,9,2020-02-21
1072,2,2020-02-21
1073,19,2020-02-23
1074,8,2020-02-24
1075,5,2020-02-24
1076,10,2020-02-24
1077,10,2020-01-27
1078,5,2020-02-26
1079,11,2020-02-27
1080,9,2020-02-28
1081,8,2020-02-29
1082,13,2020-02-29
1083,0,2020-02-29
1084,18,2020-03-01
1085,7,2020-03-01
1086,9,2020-03-04
1087,15,2020-03-05
1088,5,2020-03-05
1089,0,2020-03-09
1090,5,2020-03-09
1091,8,2020-03-10
1092,8,2020-03-12
1093,19,2020-03-12
1094,9,2020-03-17
1095,9,2020-03-18
1096,0,2020-05-06
1097,7,2020-03-20
1098,7,2020-03-23
1099,10,2020-03-24
1100,5,2020-03-24
1101,5,2020-03-27
1102,11,2020-03-28
1103,6,2020-04-01
1104,7,2020-04-02
1105,0,2020-04-03
1106,0,2020-04-04
1107,2,2020-04-05
1108,0,2020-04-09
1109,7,2020-04-12
1110,5,2020-04-12
1111,10,2020-04-20
1112,2,2020-04-14
1113,19,2020-04-15
1114,18,2020-04-15
1115,19,2020-04-16
1116,2,2020-04-17
1117,7,2020-04-17
1118,15,2020-04-19
1119,10,2020-04-13
1120,9,2020-04-22
1121,6,2020-04-22
1122,2,2020-04-22
1123,9,2020-04-24
1124,18,2020-06-18
1125,2,2020-04-26
1126,11,2020-04-28
1127,8,2020-07-13
1128,5,2020-04-27
1129,11,2020-04-29
1130,2,2020-04-30
1131,2,2020-05-01
1132,8,2020-03-18
1133,18,2020-05-04
1134,10,2020-05-06
1135,4,2020-05-02
1136,7,2020-05-08
1137,0,2020-06-28
1138,0,2020-05-16
1139,0,2020-05-09
1140,21,2020-05-26
1141,0,2020-07-08
1142,18,2020-05-30
1143,9,2020-05-13
1144,19,2020-05-13
1145,0,2020-05-14
1146,17,2020-05-14
1147,2,2020-05-09
1148,8,2020-05-17
1149,0,2020-05-20
1150,10,2020-05-20
1151,0,2020-06-05
1152,0,2020-05-22
1153,19,2020-05-23
1154,19,2020-05-24
1155,5,2020-05-25
1156,10,2020-05-25
1157,17,2020-06-10
1158,5,2020-05-28
1159,8,2020-05-26
1160,9,2020-05-27
1161,0,2020-05-31
1162,0,2020-05-27
1163,18,2020-05-27
1164,7,2020-05-09
1165,0,2020-05-28
1166,0,2020-06-11
1167,19,2020-05-30
1168,8,2020-05-30
1169,19,2020-05-12
1170,5,2020-05-27
1171,6,2020-06-01
1172,14,2020-06-03
1173,11,2020-06-04
1174,7,2020-05-22
1175,2,2020-06-14
1176,14,2020-06-12
1177,15,2020-04-28
1178,4,2020-06-10
1179,10,2020-06-10
1180,9,2020-05-26
1181,9,2020-06-10
1182,2,2020-06-08
1183,2,2020-06-07
1184,9,2020-08-10
1185,18,2020-06-05
1186,7,2020-06-15
1187,0,2020-06-17
1188,21,2020-06-18
1189,0,2020-06-18
1190,8,2020-06-18
1191,0,2020-04-26
1192,9,2020-06-19
1193,11,2020-07-07
1194,8,2020-06-23
1195,10,2020-06-24
1196,0,2020-06-24
1197,6,2020-06-25
1198,0,2020-06-25
1199,17,2020-06-25
1200,5,2020-06-26
1201,11,2020-06-27
1202,10,2020-06-28
1203,5,2020-05-08
1204,2,2020-06-29
1205,10,2020-06-29
1206,8,2020-06-30
1207,21,2020-06-30
1208,8,2020-07-24
1209,21,2020-08-12
1210,13,2020-06-14
1211,18,2020-07-02
1212,19,2020-07-03
1213,7,2020-07-03
1214,2,2020-07-03
1215,9,2020-07-03
1216,9,2020-07-05
1217,13,2020-07-07
1218,10,2020-06-22
1219,2,2020-07-07
1220,9,2020-05-11
1221,4,2020-07-10
1222,19,2020-07-11
1223,2,2020-09-01
1224,21,2020-07-13
1225,0,2020-08-12
1226,5,2020-07-13
1227,19,2020-07-13
1228,7,2020-07-14
1229,9,2020-07-14
1230,5,2020-07-14
1231,10,2020-07-16
1232,0,2020-09-11
1233,5,2020-08-05
1234,9,2020-07-18
1235,2,2020-07-19
1236,7,2020-07-19
1237,18,2020-07-21
1238,5,2020-07-21
1239,5,2020-06-30
1240,7,2020-07-25
1241,2,2020-07-26
1242,8,2020-09-04
1243,18,2020-07-28
1244,4,2020-07-29
1245,13,2020-08-01
1246,2,2020-08-02
1247,19,2020-09-03
1248,10,2020-08-03
1249,8,2020-08-05
1250,4,2020-08-05
1251,10,2020-07-17
1252,6,2020-08-06
1253,10,2020-08-06
1254,8,2020-07-11
1255,2,2020-09-09
1256,2,2020-08-09
1257,0,2020-07-01
1258,9,2020-06-30
1259,5,2020-07-16
1260,4,2020-08-13
1261,13,2020-08-14
1262,13,2020-08-15
1263,7,2020-09-30
1264,19,2020-07-27
1265,9,2020-08-18
1266,0,2020-08-18
1267,8,2020-08-19
1268,7,2020-08-19
1269,11,2020-08-20
1270,10,2020-08-22
1271,2,2020-08-23
1272,5,2020-09-17
1273,14,2020-08-24
1274,8,2020-08-26
1275,8,2020-08-27
1276,8,2020-08-28
1277,19,2020-08-29
1278,8,2020-08-29
1279,4,2020-10-20
1280,2,2020-09-01
1281,17,2020-09-01
1282,9,2020-08-07
1283,7,2020-08-03
1284,5,2020-09-04
1285,7,2020-08-18
1286,0,2020-09-09
1287,14,2020-08-08
1288,13,2020-08-24
1289,9,2020-05-29
1290,10,2020-10-11
1291,9,2020-09-13
1292,2,2020-09-13
1293,18,2020-12-21
1294,4,2020-09-14
1295,11,2020-09-15
1296,19,2020-09-16
1297,11,2020-09-10
1298,8,2020-09-17
1299,0,2020-09-18
1300,2,2020-09-24
1301,0,2020-09-19
1302,11,2020-09-19
1303,2,2020-09-20
1304,7,2020-10-06
1305,0,2020-09-21
1306,0,2020-11-16
1307,8,2020-09-22
1308,5,2020-10-16
1309,13,2020-09-23
1310,5,2020-09-18
1311,7,2020-09-24
1312,11,2020-08-15
1313,2,2020-09-29
1314,2,2020-09-30
1315,9,2020-09-30
1316,7,2020-09-26
1317,13,2020-09-30
1318,9,2020-10-02
1319,0,2020-09-12
1320,8,2020-10-03
1321,11,2020-10-04
1322,7,2020-10-04
1323,10,2020-10-05
1324,8,2020-11-11
1325,2,2020-10-06
1326,7,2020-09-20
1327,14,2020-10-09
1328,13,2020-10-03
1329,9,2020-10-12
1330,9,2020-10-13
1331,21,2020-10-29
1332,8,2020-10-13
1333,15,2020-10-15
1334,0,2020-09-23
1335,2,2020-10-16
1336,15,2020-10-16
1337,0,2020-10-18
1338,8,2020-10-20
1339,0,2020-10-20
1340,21,2020-09-01
1341,18,2020-10-20
1342,9,2020-10-24
1343,0,2020-10-23
1344,5,2020-10-21
1345,6,2020-10-24
1346,0,2020-11-19
1347,21,2020-12-21
1348,21,2020-10-26
1349,0,2020-10-29
1350,15,2020-10-13
1351,5,2020-10-30
1352,8,2020-10-30
1353,2,2020-11-09
1354,18,2020-09-13
1355,18,2020-11-02
1356,2,2020-11-03
1357,7,2020-11-04
1358,5,2020-11-05
1359,9,2020-11-05
1360,0,2020-12-05
1361,7,2020-11-06
1362,2,2020-11-07
1363,5,2020-11-07
1364,14,2020-11-08
1365,0,2020-11-08
1366,7,2020-11-08
1367,0,2020-11-09
1368,7,2020-11-09
1369,0,2020-10-31
1370,9,2020-11-09
1371,8,2020-10-05
1372,5,2020-11-13
1373,2,2021-01-02
1374,0,2020-09-22
1375,4,2020-11-17
1376,14,2020-11-22
1377,15,2020-12-19
1378,13,2020-10-24
1379,19,2020-11-21
1380,11,2020-12-21
1381,6,2020-11-18
1382,2,2020-11-22
1383,7,2020-12-24
1384,5,2020-12-22
1385,17,2020-11-26
1386,9,2020-11-26
1387,2,2020-11-27
1388,8,2020-10-25
1389,2,2020-11-29
1390,0,2020-11-29
1391,19,2020-11-29
1392,5,2020-11-30
1393,13,2020-12-03
1394,7,2020-12-03
1395,0,2020-12-04
1396,8,2020-12-05
1397,5,2020-12-05
1398,10,2020-12-05
1399,15,2021-01-22
1400,13,2021-01-04
1401,2,2020-12-08
1402,10,2020-12-08
1403,25,2020-12-10
1404,0,2020-12-11
1405,5,2020-12-12
1406,9,2020-12-12
1407,7,2020-12-13
1408,2,2020-12-13
1409,0,2020-12-13
1410,5,2020-12-13
1411,11,2020-12-14
1412,13,2020-12-14
1413,13,2020-12-17
1414,8,2020-11-28
1415,18,2020-11-19
1416,21,2020-12-20
1417,0,2020-11-22
1418,18,2020-12-18
1419,2,2020-11-01
1420,8,2020-12-22
1421,15,2020-11-26
1422,6,2020-12-23
1423,9,2020-12-23
1424,2,2020-12-24
1425,15,2020-12-24
1426,5,2020-11-25
1427,0,2020-12-25
1428,0,2020-12-26
1429,18,2020-12-26
1430,9,2020-12-27
1431,10,2020-12-28
1432,9,2020-12-28
1433,9,2021-02-11
1434,18,2021-02-18
1435,10,2020-12-29
1436,21,2020-12-30
1437,5,2021-02-20
1438,17,2020-12-31
1439,0,2020-12-31
1440,2,2020-12-31
1441,14,2021-01-01
1442,10,2020-11-15
1443,18,2021-01-03
1444,14,2021-01-04
1445,10,2020-12-07
1446,2,2021-01-06
1447,25,2021-01-08
1448,21,2021-01-12
1449,9,2021-01-13
1450,7,2021-01-13
1451,5,2021-01-16
1452,2,2021-01-17
1453,10,2021-04-26
1454,5,2021-01-19
1455,0,2021-01-22
1456,29,2021-01-21
1457,19,2021-01-20
1458,0,2021-02-21
1459,9,2021-03-18
1460,5,2021-01-24
1461,8,2021-01-24
1462,5,2021-01-25
1463,2,2021-01-25
1464,6,2021-01-26
1465,19,2021-01-27
1466,0,2021-05-14
1467,8,2021-01-30
1468,18,2021-01-31
1469,21,2021-02-01
1470,9,2021-02-01
1471,5,2021-02-03
1472,21,2021-02-07
1473,21,2021-02-15
1474,5,2021-02-27
1475,5,2021-03-09
1476,11,2021-02-12
1477,15,2021-02-13
1478,9,2021-04-09
1479,0,2021-02-15
1480,7,2020-12-28
1481,0,2021-02-16
1482,19,2021-02-17
1483,2,2020-12-28
1484,13,2021-02-19
1485,7,2021-02-19
1486,5,2020-12-31
1487,7,2021-04-19
1488,15,2020-11-06
1489,15,2021-02-23
1490,6,2021-02-23
1491,0,2021-03-01
1492,11,2021-02-26
1493,0,2021-02-27
1494,11,2021-02-11
1495,11,2021-04-20
1496,8,2021-02-28
1497,11,2021-02-25
1498,14,2021-03-24
1499,15,2021-03-01
1500,6,2021-03-02
1501,7,2021-04-08
1502,14,2021-03-07
1503,8,2021-05-15
1504,17,2021-02-12
1505,5,2021-03-10
1506,0,2021-03-11
1507,14,2021-03-11
1508,10,2021-01-18
1509,0,2021-03-12
1510,7,2021-04-17
1511,2,2021-03-14
1512,9,2021-03-14
1513,7,2021-03-15
1514,0,2021-03-15
1515,11,2021-03-16
1516,7,2021-03-16
1517,8,2021-03-17
1518,7,2021-03-18
1519,13,2021-03-18
1520,8,2021-01-23
1521,21,2021-03-18
1522,29,2021-04-17
1523,0,2021-01-27
1524,18,2021-03-19
1525,9,2021-03-20
1526,11,2021-03-21
1527,7,2021-04-24
1528,5,2021-03-24
1529,10,2021-05-11
1530,2,2021-03-25
1531,9,2021-03-26
1532,9,2021-03-27
1533,13,2021-03-28
1534,15,2021-05-16
1535,7,2021-07-03
1536,19,2021-03-31
1537,21,2021-04-20
1538,10,2021-04-04
1539,11,2021-04-07
1540,19,2021-05-11
1541,0,2021-04-07
1542,0,2021-04-08
1543,5,2021-04-08
1544,17,2021-03-06
1545,10,2021-04-09
1546,17,2021-02-15
1547,0,2021-04-09
1548,5,2021-05-08
1549,0,2021-04-11
1550,18,2021-04-11
1551,29,2021-04-12
1552,9,2021-04-13
1553,15,2021-04-14
1554,8,2021-06-10
1555,10,2021-06-24
1556,21,2021-04-15
1557,5,2021-05-06
1558,7,2021-03-19
1559,5,2021-03-13
1560,5,2021-04-17
1561,21,2021-04-18
1562,18,2021-02-21
1563,9,2021-04-26
1564,5,2021-03-01
1565,5,2021-02-28
1566,0,2021-04-04
1567,5,2021-04-21
1568,10,2021-04-21
1569,19,2021-04-22
1570,18,2021-04-28
1571,11,2021-04-24
1572,21,2021-04-19
1573,2,2021-05-10
1574,8,2021-03-08
1575,7,2021-03-12
1576,0,2021-06-18
1577,9,2021-04-27
1578,0,2021-04-27
1579,13,2021-04-28
1580,15,2021-03-23
1581,5,2021-04-28
1582,0,2021-05-01
1583,4,2021-05-02
1584,15,2021-05-03
1585,11,2021-05-03
1586,6,2021-05-03
1587,19,2021-05-06
1588,9,2021-04-16
1589,8,2021-05-08
1590,14,2021-04-10
1591,19,2021-04-25
1592,18,2021-04-20
1593,10,2021-04-07
1594,9,2021-05-12
1595,25,2021-05-13
1596,17,2021-03-19
1597,11,2021-05-14
1598,13,2021-03-29
1599,6,2021-05-18
1600,19,2021-05-16
1601,8,2021-05-16
1602,5,2021-05-16
1603,2,2021-03-28
1604,2,2021-05-17
1605,21,2021-04-26
1606,2,2021-05-19
1607,11,2021-05-20
1608,8,2021-06-01
1609,2,2021-05-21
1610,0,2021-05-22
1611,0,2021-05-23
1612,4,2021-05-25
1613,6,2021-05-24
1614,21,2021-05-24
1615,7,2021-05-25
1616,15,2021-05-25
1617,0,2021-05-24
1618,11,2021-07-08
1619,19,2021-05-25
1620,11,2021-05-26
1621,14,2021-05-26
1622,0,2021-05-26
1623,2,2021-05-27
1624,5,2021-07-13
1625,15,2021-06-06
1626,0,2021-06-24
1627,2,2021-05-21
1628,21,2021-06-01
1629,14,2021-05-31
1630,9,2021-07-07
1631,0,2021-07-22
1632,10,2021-06-08
1633,2,2021-04-14
1634,0,2021-08-13
1635,5,2021-04-15
1636,9,2021-06-11
1637,21,2021-06-12
1638,5,2021-06-14
1639,8,2021-06-14
1640,2,2021-06-14
1641,21,2021-06-24
1642,5,2021-06-15
1643,7,2021-06-15
1644,2,2021-06-15
1645,17,2021-06-16
1646,21,2021-06-16
1647,5,2021-06-17
1648,24,2021-05-29
1649,21,2021-06-19
1650,7,2021-06-20
1651,11,2021-06-21
1652,2,2021-06-21
1653,8,2021-06-22
1654,9,2021-04-24
1655,4,2021-06-14
1656,7,2021-08-17
1657,0,2021-05-25
1658,5,2021-07-28
1659,13,2021-08-23
1660,7,2021-06-26
1661,11,2021-06-28
1662,7,2021-06-28
1663,0,2021-06-29
1664,7,2021-07-01
1665,7,2021-05-15
1666,21,2021-07-03
1667,17,2021-06-10
1668,5,2021-07-04
1669,7,2021-07-06
1670,2,2021-07-07
1671,7,2021-07-07
1672,7,2021-06-07
1673,2,2021-07-08
1674,21,2021-06-10
1675,2,2021-07-10
1676,14,2021-07-10
1677,7,2021-07-11
1678,10,2021-08-26
1679,21,2021-07-12
1680,18,2021-07-12
1681,15,2021-05-31
1682,7,2021-07-13
1683,7,2021-07-14
1684,5,2021-07-15
1685,9,2021-07-21
1686,5,2021-07-16
1687,0,2021-07-16
1688,14,2021-07-16
1689,5,2021-07-17
1690,5,2021-06-07
1691,5,2021-07-19
1692,19,2021-07-19
1693,6,2021-07-15
1694,0,2021-07-18
1695,17,2021-07-24
1696,21,2021-07-26
1697,7,2021-09-23
1698,5,2021-09-19
1699,9,2021-07-27
1700,5,2021-06-25
1701,17,2021-07-30
1702,5,2021-07-30
1703,2,2021-07-30
1704,7,2021-07-30
1705,7,2021-07-31
1706,2,2021-07-31
1707,5,2021-08-01
1708,23,2021-08-27
1709,9,2021-08-01
1710,19,2021-08-02
1711,10,2021-08-03
1712,8,2021-08-03
1713,0,2021-08-05
1714,5,2021-08-05
1715,15,2021-08-05
1716,19,2021-08-06
1717,10,2021-08-31
1718,4,2021-08-07
1719,5,2021-08-08
1720,19,2021-08-08
1721,19,2021-08-09
1722,9,2021-08-10
1723,10,2021-08-10
1724,18,2021-08-10
1725,0,2021-08-11
1726,9,2021-08-11
1727,11,2021-08-12
1728,15,2021-08-12
1729,2,2021-08-13
1730,5,2021-07-03
1731,0,2021-08-14
1732,15,2021-08-16
1733,8,2021-08-16
1734,14,2021-08-16
1735,17,2021-06-24
1736,11,2021-08-17
1737,15,2021-08-17
1738,25,2021-08-19
1739,5,2021-08-19
1740,21,2021-08-19
1741,25,2021-08-17
1742,29,2021-08-20
1743,9,2021-08-20
1744,0,2021-08-20
1745,19,2021-06-26
1746,17,2021-08-24
1747,7,2021-07-12
1748,10,2021-08-25
1749,5,2021-08-26
1750,0,2021-08-25
1751,7,2021-08-01
1752,5,2021-08-07
1753,9,2021-08-28
1754,2,2021-08-29
1755,21,2021-10-13
1756,5,2021-08-28
1757,5,2021-09-01
1758,14,2021-09-01
1759,5,2021-09-02
1760,0,2021-09-02
1761,6,2021-09-03
1762,27,2021-09-04
1763,6,2021-10-26
1764,13,2021-09-07
1765,2,2021-09-08
1766,0,2021-09-08
1767,9,2021-09-08
1768,17,2021-09-09
1769,14,2021-09-09
1770,7,2021-09-09
1771,2,2021-09-09
1772,9,2021-09-10
1773,18,2021-09-11
1774,5,2021-11-07
1775,0,2021-09-12
1776,4,2021-09-13
1777,0,2021-09-13
1778,7,2021-12-03
1779,21,2021-09-15
1780,7,2021-09-15
1781,0,2021-09-16
1782,13,2021-09-16
1783,9,2021-09-16
1784,13,2021-09-17
1785,18,2021-11-06
1786,11,2021-09-18
1787,8,2021-09-19
1788,0,2021-07-26
1789,0,2021-09-20
1790,13,2021-09-21
1791,7,2021-09-21
1792,5,2021-09-22
1793,7,2021-07-26
1794,0,2021-09-25
1795,5,2021-09-25
1796,7,2021-09-28
1797,23,2021-10-30
1798,5,2021-10-01
1799,25,2021-10-03
1800,7,2021-10-05
1801,2,2021-10-06
1802,13,2021-11-26
1803,5,2021-10-07
1804,15,2021-10-30
1805,18,2021-12-05
1806,18,2021-11-16
1807,21,2021-10-09
1808,9,2021-11-10
1809,11,2021-10-12
1810,9,2021-10-13
1811,18,2021-10-13
1812,7,2021-08-31
1813,11,2021-10-15
1814,2,2021-10-15
1815,0,2021-10-09
1816,25,2021-10-16
1817,19,2021-10-16
1818,10,2021-11-18
1819,6,2021-12-09
1820,2,2021-10-18
1821,19,2021-11-20
1822,9,2021-10-18
1823,21,2021-11-14
1824,6,2021-10-19
1825,19,2021-11-27
1826,18,2021-10-21
1827,9,2021-10-22
1828,5,2021-10-22
1829,13,2021-09-13
1830,18,2021-12-11
1831,19,2021-10-25
1832,23,2021-09-07
1833,9,2021-10-27
1834,11,2021-10-27
1835,18,2021-10-29
1836,23,2021-10-29
1837,7,2021-10-29
1838,0,2021-09-18
1839,11,2021-10-29
1840,0,2021-10-29
1841,2,2021-11-05
1842,9,2021-09-30
1843,9,2021-10-31
1844,6,2021-10-09
1845,7,2021-11-02
1846,11,2021-11-20
1847,28,2021-11-03
1848,18,2021-11-15
1849,0,2021-11-29
1850,8,2021-11-05
1851,5,2021-11-05
1852,18,2021-10-15
1853,7,2021-11-27
1854,9,2021-10-29
1855,10,2021-09-12
1856,11,2021-11-07
1857,2,2021-11-07
1858,0,2021-11-10
1859,0,2021-10-12
1860,5,2021-11-10
1861,0,2021-11-12
1862,5,2021-11-02
1863,17,2021-11-12
1864,11,2021-11-16
1865,0,2021-11-13
1866,7,2021-12-11
1867,17,2021-11-26
1868,8,2021-10-19
1869,11,2021-11-14
1870,5,2021-11-15
1871,15,2021-11-03
1872,5,2021-11-01
1873,0,2021-11-16
1874,6,2021-11-13
1875,18,2021-11-17
1876,27,2021-10-17
1877,19,2021-11-18
1878,15,2021-11-19
1879,25,2021-11-20
1880,11,2021-11-12
1881,17,2021-10-18
1882,13,2021-11-22
1883,23,2021-11-23
1884,25,2021-11-24
1885,11,2021-11-26
1886,7,2021-11-14
1887,9,2021-10-07
1888,0,2021-11-06
1889,9,2021-10-21
1890,11,2021-11-28
1891,7,2021-11-04
1892,13,2021-11-29
1893,6,2021-11-29
1894,18,2021-11-29
1895,9,2021-11-29
1896,5,2021-11-30
1897,0,2021-12-27
1898,11,2021-11-30
1899,18,2021-12-01
1900,2,2021-12-01
1901,0,2022-01-04
1902,0,2021-12-02
1903,18,2021-10-23
1904,11,2021-10-09
1905,23,2021-12-06
1906,0,2021-12-06
1907,19,2021-12-07
1908,11,2021-12-07
1909,21,2022-02-01
1910,5,2021-12-09
1911,19,2021-12-09
1912,7,2021-10-18
1913,18,2021-11-14
1914,9,2021-10-24
1915,2,2021-12-13
1916,9,2021-12-26
1917,25,2021-12-15
1918,0,2021-12-16
1919,10,2022-01-16
1920,17,2021-12-17
1921,7,2021-12-26
1922,7,2021-12-17
1923,23,2021-12-19
1924,29,2021-12-20
1925,0,2021-12-21
1926,13,2022-01-21
1927,11,2021-12-25
1928,6,2021-12-26
1929,18,2021-12-18
1930,2,2022-02-04
1931,18,2021-12-26
1932,19,2021-12-27
1933,9,2021-11-30
1934,0,2021-12-27
1935,2,2021-12-28
1936,2,2021-12-27
1937,10,2021-12-28
1938,0,2021-12-28
1939,0,2021-12-29
1940,2,2021-12-30
1941,18,2021-12-30
1942,17,2022-03-03
1943,2,2021-12-31
1944,5,2022-01-03
1945,7,2022-01-03
1946,11,2022-01-03
1947,10,2022-03-04
1948,29,2021-12-01
1949,25,2022-01-08
1950,18,2022-01-09
1951,2,2022-01-13
1952,7,2022-05-25
1953,29,2022-01-13
1954,18,2022-01-25
1955,9,2022-01-24
1956,5,2021-12-16
1957,0,2022-01-17
1958,2,2022-01-17
1959,0,2022-01-18
1960,6,2022-02-28
1961,17,2021-12-21
1962,0,2022-03-10
1963,0,2022-01-22
1964,25,2022-02-24
1965,6,2022-01-22
1966,5,2022-01-22
1967,27,2022-01-22
1968,18,2022-01-31
1969,5,2022-01-23
1970,27,2022-01-15
1971,23,2022-01-15
1972,10,2022-01-25
1973,9,2022-01-26
1974,19,2022-02-23
1975,8,2022-01-27
1976,0,2022-01-28
1977,17,2022-02-20
1978,23,2022-01-31
1979,13,2022-01-23
1980,25,2022-02-01
1981,5,2022-02-07
1982,14,2022-02-18
1983,11,2022-02-02
1984,21,2022-02-02
1985,9,2022-02-02
1986,25,2022-02-03
1987,10,2021-12-14
1988,0,2022-04-13
1989,7,2022-02-01
1990,21,2022-01-26
1991,6,2022-02-07
1992,2,2022-02-07
1993,5,2022-03-07
1994,0,2022-03-31
1995,27,2022-04-07
1996,2,2022-01-20
1997,8,2022-02-12
1998,10,2022-03-25
1999,7,2022-03-08
2000,0,2022-02-04
2001,0,2022-02-14
2002,9,2022-01-22
2003,8,2022-02-14
2004,0,2022-02-15
2005,18,2022-02-16
2006,19,2022-03-04
2007,17,2021-12-08
2008,0,2022-02-20
2009,11,2022-02-19
2010,7,2022-02-19
2011,5,2022-02-19
2012,19,2022-01-30
2013,19,2022-02-22
2014,0,2022-02-22
2015,0,2022-02-23
2016,7,2022-02-05
2017,0,2022-02-24
2018,0,2022-02-14
2019,11,2022-02-24
2020,7,2022-02-25
2021,9,2022-02-25
2022,7,2021-12-30
2023,21,2022-02-25
2024,6,2022-03-01
2025,18,2022-02-27
2026,7,2022-02-12
2027,5,2022-02-12
2028,9,2022-03-01
2029,7,2022-03-06
2030,27,2022-03-01
2031,13,2022-04-02
2032,29,2022-03-02
2033,2,2022-02-25
2034,7,2022-01-13
2035,21,2022-01-04
2036,9,2022-03-04
2037,0,2022-01-21
2038,21,2022-04-28
2039,5,2022-03-05
2040,5,2022-02-13
2041,8,2022-03-06
2042,18,2022-02-08
2043,11,2022-03-07
2044,2,2022-03-07
2045,13,2022-03-07
2046,7,2022-03-07
2047,6,2022-04-03
2048,18,2022-04-11
2049,17,2022-03-17
2050,23,2022-03-09
2051,2,2022-03-09
2052,19,2022-04-20
2053,19,2022-03-05
2054,11,2022-03-11
2055,19,2022-03-12
2056,5,2022-04-03
2057,5,2022-03-12
2058,7,2022-02-17
2059,11,2022-03-14
2060,21,2022-03-15
2061,29,2022-03-19
2062,0,2022-03-16
2063,5,2022-03-17
2064,17,2022-05-10
2065,0,2022-03-09
2066,7,2022-03-17
2067,2,2022-03-02
2068,7,2022-04-02
2069,7,2022-03-18
2070,5,2022-03-16
2071,27,2022-03-20
2072,5,2022-03-22
2073,10,2022-03-23
2074,9,2022-03-23
2075,9,2022-03-24
2076,10,2022-04-02
2077,9,2022-04-22
2078,27,2022-03-26
2079,0,2022-03-26
2080,6,2022-04-15
2081,5,2022-03-27
2082,2,2022-03-28
2083,0,2022-03-30
2084,5,2022-03-30
2085,2,2022-03-30
2086,11,2022-03-30
2087,2,2022-02-10
2088,2,2022-04-01
2089,5,2022-04-01
2090,18,2022-04-06
2091,23,2022-03-18
2092,23,2022-02-28
2093,19,2022-04-02
2094,23,2022-04-02
2095,9,2022-04-03
2096,2,2022-03-08
2097,7,2022-02-13
2098,9,2022-03-12
2099,7,2022-04-04
2100,5,2022-05-10
2101,2,2022-05-20
2102,6,2022-02-10
2103,11,2022-04-07
2104,10,2022-04-08
2105,9,2022-04-08
2106,9,2022-05-09
2107,18,2022-03-25
2108,11,2022-04-10
2109,18,2022-04-10
2110,0,2022-05-20
2111,29,2022-04-11
2112,5,2022-02-26
2113,2,2022-06-04
2114,5,2022-05-14
2115,7,2022-04-12
2116,10,2022-04-12
2117,11,2022-04-03
2118,17,2022-06-21
2119,0,2022-03-27
2120,29,2022-04-16
2121,18,2022-04-16
2122,18,2022-04-17
2123,2,2022-05-12
2124,11,2022-04-17
2125,9,2022-04-17
2126,2,2022-04-18
2127,2,2022-05-06
2128,23,2022-03-14
2129,0,2022-04-18
2130,13,2022-04-20
2131,2,2022-03-10
2132,17,2022-04-21
2133,7,2022-06-02
2134,19,2022-04-11
2135,5,2022-04-22
2136,18,2022-06-08
2137,18,2022-05-07
2138,0,2022-04-23
2139,0,2022-04-26
2140,2,2022-04-26
2141,19,2022-04-27
2142,29,2022-07-26
2143,6,2022-04-27
2144,13,2022-03-05
2145,0,2022-04-29
2146,11,2022-04-29
2147,9,2022-04-29
2148,0,2022-05-24
2149,37,2022-04-30
2150,11,2022-04-30
2151,13,2022-05-03
2152,5,2022-05-13
2153,2,2022-07-01
2154,18,2022-05-05
2155,11,2022-04-18
2156,5,2022-04-23
2157,10,2022-05-07
2158,11,2022-05-07
2159,10,2022-05-08
2160,2,2022-04-09
2161,0,2022-05-09
2162,23,2022-04-05
2163,2,2022-06-24
2164,9,2022-05-10
2165,2,2022-05-26
2166,10,2022-04-17
2167,0,2022-05-03
2168,21,2022-07-06
2169,9,2022-04-14
2170,23,2022-05-16
2171,11,2022-05-16
2172,19,2022-05-17
2173,21,2022-07-03
2174,11,2022-04-21
2175,9,2022-05-18
2176,21,2022-05-18
2177,17,2022-05-19
2178,5,2022-05-20
2179,27,2022-05-20
2180,11,2022-03-17
2181,19,2022-05-20
2182,21,2022-04-10
2183,7,2022-05-21
2184,0,2022-05-21
2185,8,2022-05-22
2186,9,2022-05-23
2187,8,2022-05-23
2188,18,2022-05-24
2189,29,2022-06-28
2190,9,2022-04-27
2191,24,2022-04-18
2192,5,2022-06-07
2193,9,2022-05-25
2194,11,2022-05-25
2195,5,2022-05-25
2196,10,2022-05-26
2197,0,2022-05-26
2198,18,2022-06-16
2199,0,2022-05-27
2200,18,2022-05-29
2201,9,2022-04-10
2202,0,2022-06-02
2203,7,2022-07-20
2204,2,2022-06-03
2205,7,2022-04-11
2206,0,2022-06-08
2207,21,2022-06-04
2208,7,2022-06-05
2209,10,2022-05-17
2210,0,2022-06-05
2211,7,2022-06-06
2212,18,2022-05-15
2213,18,2022-06-06
2214,0,2022-07-03
2215,29,2022-06-07
2216,13,2022-07-14
2217,7,2022-06-25
2218,10,2022-07-16
2219,21,2022-07-27
2220,27,2022-06-08
2221,7,2022-06-08
2222,17,2022-06-01
2223,7,2022-06-09
2224,24,2022-06-10
2225,0,2022-06-10
2226,13,2022-06-11
2227,5,2022-08-02
2228,0,2022-06-12
2229,19,2022-06-28
2230,23,2022-06-15
2231,10,2022-06-15
2232,2,2022-06-16
2233,5,2022-06-16
2234,0,2022-05-18
2235,5,2022-06-17
2236,18,2022-06-18
2237,7,2022-07-13
2238,7,2022-09-13
2239,5,2022-06-20
2240,7,2022-06-20
2241,18,2022-04-30
2242,7,2022-08-05
2243,2,2022-06-22
2244,17,2022-06-22
2245,5,2022-07-21
2246,5,2022-06-23
2247,0,2022-03-17
2248,2,2022-08-09
2249,23,2022-06-25
2250,29,2022-06-25
2251,28,2022-06-25
2252,8,2022-08-10
2253,25,2022-07-01
2254,7,2022-06-28
2255,2,2022-05-24
2256,27,2022-08-03
2257,0,2022-05-05
2258,21,2022-07-07
2259,11,2022-08-04
2260,30,2022-07-02
2261,18,2022-07-03
2262,9,2022-07-28
2263,18,2022-05-25
2264,0,2022-07-04
2265,29,2022-07-10
2266,11,2022-08-08
2267,29,2022-04-22
2268,2,2022-07-07
2269,21,2022-07-01
2270,18,2022-07-08
2271,7,2022-08-20
2272,7,2022-07-10
2273,11,2022-07-05
2274,19,2022-07-10
2275,2,2022-07-11
2276,7,2022-05-12
2277,7,2022-08-02
2278,0,2022-06-19
2279,0,2022-07-18
2280,17,2022-07-14
2281,0,2022-07-14
2282,0,2022-08-09
2283,11,2022-07-25
2284,17,2022-07-16
2285,11,2022-07-28
2286,7,2022-07-17
2287,19,2022-07-17
2288,2,2022-07-18
2289,21,2022-07-18
2290,19,2022-09-04
2291,2,2022-08-17
2292,21,2022-07-19
2293,0,2022-06-06
2294,2,2022-06-20
2295,8,2022-07-21
2296,10,2022-06-23
2297,7,2022-07-22
2298,2,2022-08-15
2299,2,2022-09-14
2300,18,2022-07-23
2301,23,2022-07-24
2302,5,2022-08-04
2303,18,2022-07-24
2304,18,2022-07-15
2305,23,2022-07-25
2306,9,2022-07-25
2307,24,2022-07-25
2308,7,2022-07-25
2309,18,2022-07-26
2310,7,2022-08-31
2311,0,2022-06-21
2312,17,2022-06-05
2313,5,2022-07-27
2314,2,2022-07-27
2315,0,2022-07-28
2316,7,2022-07-28
2317,0,2022-06-04
2318,7,2022-10-13
2319,18,2022-07-29
2320,0,2022-06-25
2321,5,2022-07-30
2322,5,2022-07-15
2323,0,2022-08-02
2324,19,2022-09-25
2325,0,2022-07-11
2326,2,2022-06-12
2327,7,2022-07-11
2328,18,2022-07-02
2329,21,2022-08-04
2330,24,2022-08-17
2331,17,2022-06-07
2332,17,2022-08-01
2333,2,2022-08-05
2334,0,2022-08-05
2335,24,2022-06-08
2336,25,2022-08-06
2337,19,2022-08-23
2338,18,2022-10-09
2339,0,2022-08-28
2340,17,2022-07-06
2341,5,2022-08-09
2342,0,2022-08-19
2343,13,2022-08-09
2344,19,2022-08-09
2345,10,2022-09-22
2346,11,2022-09-12
2347,18,2022-09-29
2348,11,2022-08-26
2349,5,2022-10-06
2350,9,2022-08-12
2351,2,2022-08-13
2352,9,2022-08-13
2353,17,2022-08-31
2354,17,2022-08-13
2355,19,2022-08-13
2356,5,2022-08-15
2357,7,2022-08-15
2358,0,2022-07-22
2359,5,2022-08-12
2360,0,2022-08-04
2361,6,2022-08-12
2362,11,2022-08-17
2363,18,2022-07-19
2364,2,2022-08-03
2365,9,2022-08-18
2366,7,2022-07-29
2367,29,2022-08-19
2368,18,2022-08-20
2369,6,2022-08-20
2370,0,2022-07-08
2371,7,2022-08-21
2372,0,2022-08-07
2373,10,2022-08-21
2374,0,2022-08-21
2375,13,2022-08-25
2376,2,2022-08-25
2377,5,2022-08-25
2378,9,2022-08-26
2379,19,2022-08-11
2380,9,2022-08-27
2381,37,2022-08-27
2382,7,2022-08-07
2383,19,2022-08-29
2384,19,2022-09-30
2385,21,2022-08-29
2386,19,2022-08-30
2387,26,2022-09-20
2388,18,2022-09-05
2389,0,2022-09-05
2390,17,2022-09-02
2391,0,2022-09-03
2392,11,2022-06-07
2393,19,2022-07-26
2394,0,2022-07-23
2395,5,2022-09-06
2396,0,2022-09-09
2397,7,2022-09-09
2398,0,2022-09-10
2399,24,2022-10-26
2400,7,2022-10-18
2401,2,2022-07-24
2402,5,2022-10-23
2403,0,2022-10-05
2404,13,2022-09-14
2405,0,2022-09-15
2406,7,2022-09-16
2407,10,2022-09-17
2408,0,2022-11-16
2409,24,2022-09-18
2410,5,2022-09-18
2411,0,2022-09-19
2412,17,2022-08-30
2413,0,2022-09-20
2414,5,2022-09-20
2415,2,2022-08-18
2416,18,2022-09-22
2417,25,2022-09-22
2418,24,2022-09-23
2419,10,2022-09-23
2420,29,2022-11-01
2421,0,2022-06-11
2422,25,2022-09-25
2423,29,2022-09-26
2424,5,2022-10-15
2425,23,2022-09-28
2426,37,2022-12-15
2427,21,2022-09-28
2428,2,2022-09-28
2429,5,2022-09-28
2430,7,2022-11-20
2431,11,2022-09-29
2432,7,2022-09-29
2433,5,2022-08-30
2434,18,2022-09-30
2435,5,2022-09-30
2436,0,2022-10-03
2437,18,2022-10-03
2438,26,2022-11-17
2439,11,2022-10-06
2440,18,2022-10-05
2441,0,2022-08-10
2442,29,2023-01-22
2443,8,2022-10-05
2444,18,2022-08-07
2445,10,2022-08-17
2446,10,2022-10-06
2447,0,2022-08-06
2448,25,2022-11-06
2449,7,2022-10-07
2450,10,2022-10-19
2451,29,2022-10-31
2452,11,2022-10-05
2453,5,2022-10-09
2454,11,2022-10-09
2455,11,2022-10-10
2456,2,2022-10-09
2457,19,2022-10-09
2458,8,2022-11-30
2459,29,2022-10-09
2460,11,2022-10-11
2461,7,2022-10-11
2462,29,2022-10-27
2463,10,2022-10-11
2464,9,2022-10-29
2465,0,2022-08-17
2466,8,2022-10-19
2467,7,2022-09-28
2468,2,2022-10-16
2469,0,2022-10-16
2470,21,2023-01-19
2471,18,2022-10-18
2472,18,2022-11-16
2473,18,2022-09-12
2474,21,2022-10-19
2475,8,2022-11-26
2476,2,2022-10-14
2477,5,2022-11-01
2478,18,2022-09-26
2479,0,2022-11-06
2480,5,2022-10-20
2481,0,2022-10-12
2482,11,2022-10-23
2483,9,2022-07-20
2484,7,2022-10-24
2485,0,2022-10-25
2486,9,2022-10-26
2487,11,2022-09-24
2488,2,2022-10-26
2489,13,2022-10-27
2490,9,2022-10-27
2491,18,2022-10-11
2492,11,2022-10-29
2493,5,2022-10-29
2494,0,2022-11-09
2495,18,2022-10-29
2496,0,2022-11-14
2497,18,2022-12-12
2498,29,2022-10-05
2499,19,2022-10-20
2500,18,2022-11-01
2501,13,2022-11-02
2502,0,2022-11-03
2503,5,2022-11-03
2504,11,2022-12-17
2505,0,2022-10-18
2506,13,2022-11-05
2507,11,2022-11-28
2508,11,2022-10-20
2509,5,2022-09-10
2510,29,2022-11-08
2511,18,2022-11-08
2512,2,2022-11-09
2513,37,2022-10-22
2514,6,2022-11-10
2515,11,2022-11-07
2516,21,2022-11-22
2517,5,2022-11-11
2518,5,2022-11-13
2519,5,2022-12-20
2520,21,2022-11-13
2521,34,2022-11-12
2522,0,2022-11-13
2523,7,2022-10-08
2524,19,2022-11-15
2525,26,2022-12-11
2526,25,2022-10-18
2527,5,2022-12-23
2528,18,2022-09-18
2529,10,2023-01-11
2530,18,2022-11-18
2531,0,2022-11-18
2532,8,2022-11-10
2533,11,2022-11-20
2534,19,2022-11-20
2535,21,2022-11-24
2536,23,2023-01-03
2537,18,2022-11-23
2538,29,2022-11-24
2539,24,2022-11-24
2540,9,2022-11-15
2541,5,2022-11-24
2542,13,2022-10-05
2543,9,2022-11-25
2544,11,2022-11-25
2545,5,2022-11-26
2546,28,2022-11-04
2547,17,2022-11-26
2548,11,2022-11-27
2549,2,2022-11-27
2550,7,2022-11-28
2551,9,2022-10-04
2552,5,2022-11-28
2553,11,2022-11-29
2554,29,2022-11-29
2555,0,2022-10-10
2556,5,2022-11-21
2557,18,2022-12-17
2558,5,2022-12-03
2559,7,2022-12-06
2560,5,2022-12-07
2561,5,2022-12-08
2562,0,2022-12-08
2563,0,2022-12-09
2564,11,2022-12-09
2565,29,2022-12-09
2566,25,2022-12-09
2567,13,2023-01-02
2568,29,2023-01-24
2569,2,2022-12-10
2570,0,2022-12-11
2571,17,2022-12-11
2572,37,2022-12-01
2573,21,2023-02-03
2574,11,2022-12-11
2575,7,2022-12-11
2576,9,2022-12-12
2577,23,2023-01-13
2578,0,2023-01-31
2579,2,2023-01-03
2580,0,2022-12-14
2581,10,2022-12-14
2582,10,2022-12-15
2583,8,2022-10-20
2584,7,2022-12-16
2585,2,2022-12-16
2586,11,2022-12-16
2587,25,2022-12-16
2588,5,2022-12-17
2589,13,2022-12-17
2590,7,2022-12-17
2591,0,2022-10-07
2592,0,2022-12-01
2593,7,2022-12-18
2594,11,2022-12-18
2595,0,2023-01-15
2596,5,2023-01-24
2597,37,2022-12-20
2598,21,2022-12-20
2599,2,2022-12-20
2600,18,2022-12-19
2601,11,2023-01-04
2602,0,2022-12-24
2603,5,2022-11-25
2604,10,2023-02-01
2605,13,2022-12-24
2606,21,2022-12-26
2607,11,2022-11-04
2608,5,2022-12-27
2609,0,2023-02-17
2610,0,2023-01-13
2611,5,2023-01-26
2612,26,2023-02-18
2613,29,2022-12-30
2614,8,2022-12-31
2615,7,2022-12-31
2616,11,2022-12-31
2617,0,2023-01-19
2618,2,2023-01-01
2619,2,2023-03-02
2620,0,2023-02-18
2621,18,2023-01-02
2622,11,2022-10-04
2623,11,2022-12-27
2624,11,2023-02-16
2625,7,2022-12-28
2626,18,2023-01-03
2627,11,2023-01-01
2628,10,2022-11-10
2629,8,2023-01-04
2630,13,2023-01-05
2631,29,2022-12-12
2632,7,2023-01-05
2633,0,2023-01-05
2634,5,2023-04-17
2635,7,2023-01-06
2636,18,2023-01-07
2637,9,2023-02-21
2638,18,2023-01-08
2639,7,2023-01-08
2640,10,2023-01-08
2641,29,2023-01-09
2642,13,2023-02-04
2643,18,2023-01-09
2644,9,2023-01-10
2645,29,2023-01-10
2646,2,2023-02-06
2647,0,2023-04-13
2648,37,2023-01-11
2649,2,2022-12-27
2650,2,2023-01-13
2651,5,2023-01-28
2652,25,2023-03-19
2653,0,2023-03-05
2654,25,2023-01-14
2655,23,2023-01-14
2656,21,2022-12-18
2657,11,2023-01-16
2658,0,2023-01-17
2659,8,2023-02-27
2660,6,2023-01-18
2661,9,2023-01-18
2662,2,2022-12-31
2663,21,2023-03-01
2664,0,2023-01-20
2665,23,2023-01-20
2666,5,2023-03-04
2667,37,2023-01-21
2668,9,2023-01-21
2669,0,2023-01-23
2670,0,2023-03-09
2671,19,2023-01-14
2672,11,2022-12-10
2673,23,2022-11-13
2674,7,2023-01-24
2675,23,2023-01-25
2676,7,2023-01-22
2677,13,2023-01-26
2678,24,2023-01-30
2679,7,2022-12-14
2680,6,2022-10-31
2681,0,2023-04-16
2682,37,2023-01-05
2683,25,2023-01-31
2684,29,2023-01-31
2685,13,2023-03-10
2686,13,2023-02-01
2687,37,2023-02-27
2688,19,2023-02-02
2689,19,2023-02-03
2690,29,2022-12-11
2691,2,2023-02-03
2692,0,2023-01-11
2693,0,2023-02-08
2694,25,2023-02-04
2695,11,2023-03-31
2696,7,2023-02-05
2697,30,2023-02-05
2698,7,2023-03-27
2699,2,2022-12-09
2700,10,2023-03-12
2701,28,2022-12-24
2702,23,2023-02-09
2703,0,2023-02-09
2704,11,2023-02-09
2705,5,2023-02-10
2706,26,2023-05-31
2707,5,2022-12-24
2708,0,2023-02-11
2709,13,2023-02-11
2710,5,2023-02-12
2711,21,2023-02-12
2712,0,2023-02-13
2713,5,2023-02-13
2714,19,2023-02-13
2715,2,2023-02-14
2716,9,2023-02-23
2717,18,2023-02-14
2718,30,2023-05-09
2719,5,2022-11-16
2720,23,2022-12-27
2721,0,2023-03-02
2722,5,2023-02-18
2723,18,2023-02-18
2724,29,2023-02-18
2725,5,2023-03-18
2726,7,2022-12-29
2727,18,2023-03-28
2728,0,2023-02-25
2729,5,2023-02-19
2730,2,2023-02-19
2731,0,2023-01-02
2732,7,2023-02-19
2733,29,2023-02-20
2734,2,2023-02-21
2735,0,2023-03-25
2736,10,2023-02-22
2737,30,2023-04-21
2738,2,2023-02-23
2739,5,2023-06-01
2740,11,2023-02-24
2741,5,2023-02-24
2742,5,2023-01-25
2743,7,2023-02-25
2744,21,2023-03-16
2745,9,2023-03-18
2746,5,2023-05-20
2747,18,2023-01-17
2748,18,2023-02-28
2749,9,2023-02-28
2750,11,2023-03-01
2751,0,2023-04-20
2752,5,2023-03-01
2753,37,2023-03-01
2754,0,2023-03-01
2755,29,2023-02-19
2756,21,2023-03-02
2757,11,2023-03-03
2758,5,2023-03-03
2759,7,2023-03-03
2760,18,2023-02-17
2761,7,2023-05-12
2762,5,2023-02-04
2763,19,2023-05-31
2764,7,2023-01-14
2765,29,2023-02-10
2766,11,2023-03-05
2767,29,2023-03-05
2768,29,2023-01-06
2769,11,2023-03-06
2770,0,2023-03-07
2771,13,2023-04-15
2772,5,2023-03-08
2773,13,2023-01-09
2774,0,2023-03-06
2775,5,2023-01-03
2776,37,2023-03-10
2777,29,2023-03-10
2778,0,2023-02-26
2779,10,2023-03-11
2780,25,2023-03-11
2781,0,2023-04-18
2782,7,2023-03-16
2783,30,2023-03-13
2784,11,2023-02-06
2785,11,2023-02-10
2786,2,2023-02-08
2787,5,2023-03-16
2788,0,2023-03-20
2789,11,2023-03-17
2790,10,2023-02-18
2791,0,2023-02-01
2792,9,2023-08-18
2793,2,2023-03-04
2794,0,2023-03-16
2795,5,2023-03-20
2796,11,2023-05-17
2797,9,2023-04-01
2798,7,2023-02-16
2799,19,2023-03-27
2800,9,2023-04-03
2801,29,2023-03-23
2802,29,2023-04-25
2803,29,2023-03-24
2804,2,2023-05-07
2805,0,2023-03-23
2806,2,2023-03-24
2807,10,2023-04-23
2808,30,2023-04-27
2809,19,2023-01-08
2810,11,2023-05-12
2811,7,2023-01-26
2812,19,2023-05-07
2813,13,2023-03-27
2814,0,2023-03-22
2815,11,2023-03-30
2816,9,2023-03-27
2817,24,2023-02-18
2818,30,2023-03-28
2819,0,2023-03-28
2820,0,2023-04-07
2821,7,2023-05-15
2822,0,2023-03-29
2823,29,2023-04-08
2824,7,2023-03-31
2825,7,2023-05-24
2826,7,2023-01-01
2827,0,2023-04-01
2828,10,2023-04-02
2829,19,2023-04-02
2830,7,2023-03-22
2831,13,2023-04-29
2832,10,2023-05-02
2833,0,2023-02-05
2834,5,2023-01-21
2835,25,2023-04-03
2836,10,2023-04-06
2837,10,2023-04-07
2838,18,2023-05-03
2839,9,2023-06-01
2840,18,2023-04-10
2841,7,2023-03-13
2842,2,2023-04-08
2843,0,2023-04-09
2844,0,2023-05-31
2845,34,2023-04-10
2846,13,2023-05-24
2847,9,2023-04-07
2848,21,2023-02-27
2849,7,2023-04-12
2850,7,2023-05-31
2851,11,2023-02-14
2852,13,2023-04-13
2853,0,2023-05-18
2854,24,2023-04-14
2855,8,2023-04-14
2856,10,2023-04-14
2857,2,2023-05-04
2858,11,2023-04-22
2859,9,2023-04-16
2860,30,2023-06-02
2861,13,2023-05-19
2862,5,2023-04-16
2863,18,2023-06-12
2864,7,2023-04-17
2865,37,2023-04-17
2866,13,2023-04-18
2867,11,2023-03-12
2868,11,2023-04-18
2869,10,2023-04-22
2870,37,2023-06-25
2871,21,2023-04-20
2872,2,2023-05-02
2873,29,2023-02-22
2874,7,2023-03-07
2875,37,2023-04-22
2876,0,2023-04-11
2877,0,2023-04-19
2878,21,2023-05-26
2879,0,2023-04-23
2880,21,2023-06-19
2881,2,2023-04-11
2882,18,2023-03-26
2883,11,2023-03-24
2884,5,2023-04-25
2885,29,2023-06-16
2886,29,2023-03-23
2887,29,2023-03-20
2888,7,2023-04-23
2889,24,2023-03-18
2890,26,2023-06-20
2891,0,2023-03-04
2892,0,2023-04-28
2893,7,2023-07-26
2894,5,2023-03-10
2895,5,2023-04-29
2896,10,2023-04-16
2897,24,2023-10-03
2898,9,2023-04-30
2899,10,2023-03-23
2900,25,2023-06-14
2901,5,2023-05-02
2902,29,2023-04-06
2903,37,2023-04-23
2904,25,2023-05-11
2905,5,2023-04-14
2906,5,2023-05-07
2907,10,2023-05-05
2908,25,2023-05-05
2909,19,2023-05-06
2910,5,2023-03-27
2911,17,2023-05-07
2912,17,2023-05-04
2913,21,2023-03-23
2914,7,2023-05-07
2915,7,2023-05-06
2916,26,2023-06-28
2917,7,2023-05-08
2918,0,2023-04-26
2919,0,2023-03-21
2920,24,2023-05-10
2921,19,2023-05-11
2922,11,2023-03-28
2923,7,2023-05-11
2924,10,2023-06-12
2925,18,2023-03-05
2926,37,2023-07-06
2927,2,2023-05-12
2928,19,2023-05-12
2929,7,2023-05-14
2930,23,2023-05-14
2931,11,2023-05-14
2932,26,2023-05-14
2933,37,2023-05-29
2934,10,2023-03-29
2935,0,2023-04-27
2936,23,2023-05-16
2937,18,2023-03-21
2938,19,2023-04-25
2939,25,2023-04-14
2940,2,2023-05-18
2941,18,2023-04-29
2942,23,2023-04-19
2943,25,2023-05-29
2944,0,2023-05-20
2945,23,2023-05-21
2946,0,2023-07-19
2947,18,2023-05-22
2948,9,2023-04-09
2949,5,2023-05-12
2950,18,2023-05-24
2951,11,2023-08-13
2952,37,2023-07-14
2953,24,2023-05-26
2954,7,2023-04-22
2955,18,2023-05-26
2956,19,2023-05-27
2957,10,2023-03-10
2958,5,2023-06-05
2959,2,2023-05-28
2960,10,2023-06-22
2961,9,2023-04-29
2962,0,2023-05-29
2963,0,2023-07-14
2964,5,2023-05-31
2965,29,2023-07-18
2966,5,2023-05-23
2967,21,2023-04-12
2968,21,2023-12-22
2969,19,2023-06-27
2970,0,2023-06-01
2971,13,2023-04-04
2972,19,2023-06-02
2973,18,2023-05-08
2974,18,2023-04-22
2975,23,2023-06-03
2976,5,2023-06-03
2977,17,2023-07-18
2978,11,2023-06-23
2979,37,2023-07-17
2980,11,2023-07-24
2981,18,2023-06-08
2982,10,2023-06-08
2983,2,2023-06-08
2984,7,2023-04-30
2985,29,2023-06-08
2986,0,2023-06-09
2987,11,2023-07-18
2988,23,2023-06-09
2989,5,2023-06-10
2990,18,2023-06-23
2991,17,2023-06-10
2992,13,2023-06-27
2993,2,2023-05-19
2994,29,2023-04-27
2995,7,2023-06-13
2996,18,2023-06-13
2997,11,2023-06-13
2998,17,2023-06-14
2999,10,2023-04-08
3000,5,2023-05-22
3001,13,2023-07-03
3002,18,2023-07-09
3003,7,2023-06-16
3004,18,2023-06-17
3005,0,2023-05-07
3006,11,2023-06-18
3007,5,2023-04-23
3008,0,2023-06-20
3009,5,2023-07-03
3010,9,2023-12-19
3011,0,2023-09-17
3012,10,2023-05-15
3013,9,2023-06-23
3014,18,2023-06-10
3015,11,2023-04-28
3016,9,2023-05-27
3017,18,2023-06-25
3018,2,2023-06-25
3019,37,2023-04-25
3020,25,2023-06-05
3021,0,2023-07-27
3022,0,2023-07-17
3023,0,2023-08-18
3024,37,2023-08-09
3025,7,2023-07-08
3026,21,2023-06-18
3027,5,2023-06-28
3028,7,2023-06-29
3029,21,2023-06-29
3030,2,2023-06-29
3031,9,2023-06-30
3032,5,2023-06-30
3033,13,2023-06-30
3034,2,2023-07-01
3035,5,2023-07-02
3036,11,2023-07-02
3037,37,2023-06-15
3038,37,2023-07-18
3039,21,2023-05-15
3040,7,2023-08-20
3041,29,2023-03-25
3042,21,2023-07-04
3043,19,2023-07-04
3044,13,2023-07-24
3045,2,2023-08-11
3046,37,2023-07-07
3047,2,2023-07-05
3048,2,2023-07-08
3049,7,2023-08-21
3050,11,2023-08-08
3051,9,2023-07-09
3052,5,2023-05-16
3053,10,2023-07-09
3054,21,2023-07-10
3055,5,2023-05-01
3056,9,2023-09-20
3057,24,2023-08-02
3058,2,2023-07-11
3059,29,2023-07-14
3060,30,2023-05-25
3061,0,2023-09-02
3062,19,2023-04-05
3063,10,2023-08-23
3064,19,2023-11-01
3065,13,2023-05-31
3066,29,2023-07-17
3067,0,2023-06-08
3068,17,2023-06-27
3069,9,2023-07-17
3070,5,2023-06-09
3071,10,2023-04-04
3072,24,2023-07-15
3073,2,2023-07-18
3074,6,2023-10-12
3075,7,2023-08-23
3076,29,2023-08-01
3077,25,2023-07-03
3078,0,2023-05-27
3079,11,2023-08-06
3080,28,2023-07-19
3081,9,2023-09-16
3082,34,2023-07-21
3083,2,2023-08-26
3084,7,2023-07-23
3085,10,2023-07-23
3086,7,2023-08-24
3087,21,2023-09-13
3088,7,2023-10-05
3089,11,2023-07-25
3090,9,2023-07-25
3091,30,2023-07-25
3092,5,2023-07-27
3093,17,2023-08-20
3094,17,2023-09-25
3095,34,2023-07-27
3096,0,2023-06-10
3097,2,2023-07-27
3098,18,2023-07-28
3099,13,2023-07-28
3100,34,2023-08-02
3101,7,2023-07-29
3102,0,2023-07-30
3103,37,2023-07-30
3104,13,2023-09-23
3105,5,2023-07-31
3106,10,2023-07-31
3107,2,2023-07-31
3108,11,2023-07-31
3109,34,2023-08-01
3110,0,2023-09-06
3111,9,2023-06-03
3112,6,2023-08-01
3113,29,2023-06-21
3114,40,2023-07-29
3115,6,2023-08-02
3116,7,2023-08-02
3117,2,2023-08-02
3118,11,2023-08-03
3119,11,2023-08-04
3120,10,2023-08-18
3121,5,2023-10-01
3122,34,2023-08-04
3123,0,2023-08-05
3124,9,2023-09-24
3125,2,2023-08-06
3126,37,2023-08-10
3127,2,2023-06-03
3128,5,2023-08-07
3129,11,2023-08-07
3130,18,2023-08-08
3131,10,2023-08-08
3132,19,2023-08-08
3133,21,2023-07-08
3134,5,2023-11-10
3135,2,2023-06-22
3136,13,2023-08-09
3137,0,2023-08-29
3138,0,2023-08-10
3139,7,2023-09-10
3140,37,2023-09-27
3141,7,2023-08-11
3142,21,2023-08-27
3143,21,2023-07-14
3144,17,2023-07-10
3145,18,2023-08-13
3146,7,2023-08-13
3147,11,2023-08-14
3148,0,2023-09-30
3149,37,2023-08-14
3150,2,2023-08-04
3151,7,2023-10-15
3152,37,2023-08-15
3153,24,2023-08-15
3154,7,2023-09-12
3155,17,2023-08-15
3156,17,2023-08-16
3157,18,2023-08-16
3158,28,2023-07-08
3159,24,2023-09-07
3160,13,2023-09-26
3161,11,2023-06-27
3162,30,2023-11-13
3163,37,2023-07-15
3164,11,2023-08-23
3165,19,2023-08-19
3166,21,2023-09-18
3167,0,2023-08-20
3168,21,2023-08-09
3169,2,2023-08-24
3170,21,2023-08-21
3171,40,2023-08-21
3172,9,2023-10-19
3173,26,2023-08-21
3174,24,2023-08-22
3175,24,2023-07-18
3176,21,2023-10-01
3177,37,2023-09-04
3178,34,2023-08-23
3179,2,2023-06-15
3180,24,2023-07-25
3181,18,2023-07-24
3182,5,2023-07-22
3183,0,2023-09-16
3184,13,2023-07-18
3185,11,2023-10-06
3186,37,2023-09-12
3187,18,2023-08-28
3188,0,2023-08-28
3189,5,2023-10-04
3190,0,2023-08-19
3191,9,2023-10-25
3192,5,2023-08-30
3193,17,2023-08-30
3194,0,2023-08-01
3195,7,2023-09-02
3196,11,2023-09-06
3197,13,2023-09-02
3198,10,2023-09-02
3199,5,2023-09-02
3200,13,2023-09-03
3201,2,2023-10-31
3202,0,2023-07-16
3203,7,2023-09-04
3204,7,2023-09-05
3205,23,2023-07-10
3206,7,2023-07-03
3207,21,2023-09-29
3208,9,2023-10-26
3209,7,2023-08-06
3210,19,2023-09-08
3211,7,2023-07-30
3212,7,2023-09-09
3213,18,2023-09-09
3214,8,2023-09-01
3215,18,2023-07-18
3216,21,2023-09-10
3217,9,2023-09-10
3218,37,2023-09-10
3219,7,2023-08-15
3220,40,2023-09-18
3221,13,2023-12-17
3222,9,2023-10-29
3223,7,2023-10-18
3224,5,2023-09-14
3225,0,2023-09-14
3226,2,2023-10-08
3227,34,2023-09-15
3228,37,2023-07-11
3229,5,2023-09-15
3230,10,2023-09-15
3231,5,2023-07-19
3232,7,2023-08-05
3233,19,2023-11-09
3234,2,2023-10-07
3235,13,2023-09-17
3236,18,2023-06-27
3237,9,2023-06-04
3238,9,2023-08-15
3239,19,2023-10-23
3240,11,2023-08-27
3241,19,2023-09-18
3242,18,2023-11-12
3243,30,2023-06-27
3244,11,2023-09-19
3245,18,2023-09-20
3246,10,2023-08-04
3247,29,2023-09-20
3248,10,2023-09-21
3249,2,2023-09-21
3250,18,2023-09-21
3251,37,2023-10-10
3252,9,2023-09-22
3253,0,2023-09-09
3254,18,2023-08-27
3255,7,2023-09-29
3256,11,2023-09-24
3257,19,2023-09-19
3258,13,2023-09-25
3259,9,2023-09-25
3260,34,2023-10-02
3261,0,2023-10-28
3262,18,2023-08-17
3263,21,2023-10-12
3264,0,2023-11-13
3265,19,2023-09-27
3266,5,2023-09-27
3267,29,2023-09-17
3268,0,2024-01-17
3269,29,2023-10-17
3270,10,2023-10-26
3271,30,2023-08-09
3272,7,2023-09-30
3273,21,2024-01-15
3274,34,2023-08-15
3275,7,2023-08-27
3276,18,2023-10-01
3277,13,2023-09-30
3278,26,2023-10-12
3279,11,2023-09-25
3280,40,2023-11-07
3281,37,2023-11-26
3282,11,2023-12-07
3283,11,2023-11-01
3284,26,2023-10-03
3285,40,2023-11-08
3286,10,2023-10-10
3287,9,2023-10-03
3288,10,2023-11-17
3289,0,2023-08-12
3290,34,2023-10-04
3291,19,2023-08-28
3292,13,2023-09-15
3293,19,2023-10-05
3294,7,2023-11-20
3295,7,2023-07-04
3296,13,2023-10-07
3297,18,2023-10-25
3298,34,2023-10-07
3299,10,2023-08-10
3300,18,2023-09-12
3301,13,2023-10-21
3302,13,2023-10-09
3303,21,2023-11-08
3304,11,2023-08-25
3305,5,2023-10-10
3306,2,2023-09-15
3307,21,2023-10-10
3308,2,2023-10-11
3309,10,2023-10-11
3310,13,2023-10-28
3311,10,2023-09-27
3312,24,2023-08-19
3313,34,2023-10-01
3314,10,2023-08-17
3315,5,2023-11-18
3316,37,2023-10-14
3317,24,2023-09-27
3318,9,2023-09-06
3319,29,2023-12-01
3320,18,2023-10-15
3321,17,2023-10-08
3322,7,2023-11-05
3323,11,2023-10-15
3324,21,2023-10-15
3325,21,2023-09-17
3326,34,2023-10-16
3327,18,2023-10-17
3328,34,2023-09-28
3329,2,2023-10-17
3330,0,2023-09-03
3331,23,2023-11-12
3332,18,2023-11-07
3333,0,2023-10-19
3334,11,2023-10-29
3335,29,2023-06-27
3336,34,2023-10-09
3337,18,2023-10-29
3338,2,2023-09-07
3339,21,2023-10-23
3340,34,2023-10-21
3341,34,2023-10-23
3342,11,2023-09-16
3343,37,2023-12-20
3344,11,2023-10-23
3345,34,2023-08-29
3346,0,2023-12-02
3347,11,2023-10-25
3348,0,2023-11-07
3349,7,2023-10-28
3350,2,2023-10-25
3351,9,2023-10-27
3352,21,2023-11-15
3353,10,2023-10-25
3354,5,2023-09-10
3355,10,2023-10-02
3356,7,2023-10-14
3357,11,2023-10-12
3358,13,2023-10-26
3359,0,2023-10-06
3360,5,2023-10-27
3361,2,2023-12-08
3362,13,2023-11-19
3363,11,2023-10-02
3364,7,2023-11-14
3365,13,2023-12-23
3366,0,2023-10-29
3367,2,2023-11-12
3368,34,2023-12-15
3369,5,2023-10-29
3370,23,2023-10-29
3371,2,2023-10-29
3372,37,2023-11-04
3373,0,2023-09-24
3374,34,2023-11-04
3375,13,2023-10-30
3376,21,2023-10-30
3377,11,2023-10-18
3378,21,2023-10-03
3379,9,2023-09-18
3380,9,2023-12-12
3381,0,2023-12-21
3382,7,2023-12-22
3383,0,2023-11-02
3384,18,2023-11-03
3385,10,2023-11-03
3386,18,2023-11-04
3387,21,2023-11-01
3388,5,2023-11-04
3389,21,2023-10-28
3390,13,2023-12-18
3391,34,2023-11-15
3392,26,2023-11-05
3393,5,2023-11-05
3394,2,2023-12-02
3395,37,2023-11-10
3396,10,2023-10-18
3397,11,2023-10-19
3398,17,2023-10-25
3399,19,2023-08-17
3400,0,2023-11-24
3401,13,2023-11-08
3402,26,2023-11-09
3403,0,2023-11-09
3404,7,2023-10-23
3405,0,2023-11-10
3406,24,2023-12-14
3407,30,2023-12-15
3408,5,2023-11-02
3409,37,2023-12-11
3410,13,2024-01-01
3411,11,2023-11-11
3412,9,2023-11-11
3413,17,2023-10-19
3414,5,2023-09-13
3415,7,2023-11-28
3416,2,2023-09-27
3417,7,2023-11-13
3418,5,2023-11-22
3419,2,2023-11-15
3420,29,2023-12-07
3421,2,2024-01-10
3422,0,2023-12-08
3423,17,2023-12-21
3424,13,2023-10-26
3425,0,2023-11-25
3426,9,2023-11-16
3427,10,2023-12-21
3428,19,2023-11-17
3429,29,2023-10-04
3430,13,2023-11-17
3431,21,2023-11-30
3432,0,2023-10-12
3433,7,2023-11-18
3434,7,2023-11-08
3435,0,2023-11-19
3436,9,2023-11-19
3437,21,2023-08-14
3438,30,2023-09-15
3439,18,2023-11-20
3440,9,2023-11-20
3441,24,2023-11-20
3442,30,2023-11-21
3443,24,2024-03-04
3444,11,2023-11-21
3445,2,2023-11-21
3446,37,2023-11-21
3447,0,2023-11-21
3448,17,2023-12-05
3449,23,2023-11-22
3450,11,2023-11-23
3451,7,2023-10-04
3452,37,2023-10-25
3453,9,2024-01-28
3454,37,2023-10-15
3455,10,2023-11-16
3456,10,2023-10-03
3457,11,2023-12-21
3458,2,2023-12-12
3459,5,2023-12-27
3460,21,2023-11-23
3461,30,2023-11-26
3462,5,2023-11-26
3463,7,2024-01-12
3464,10,2023-11-27
3465,5,2023-11-28
3466,2,2023-10-19
3467,7,2023-10-03
3468,11,2023-11-29
3469,10,2023-11-29
3470,2,2024-01-14
3471,13,2023-10-15
3472,29,2023-10-25
3473,9,2023-11-10
3474,7,2023-12-02
3475,11,2023-12-02
3476,10,2023-12-02
3477,26,2023-12-02
3478,10,2024-02-08
3479,19,2023-12-04
3480,2,2023-12-04
3481,7,2023-09-22
3482,11,2023-12-04
3483,24,2024-04-24
3484,2,2023-12-05
3485,13,2023-12-05
3486,10,2023-12-26
3487,7,2023-12-07
3488,11,2023-11-14
3489,21,2023-12-13
3490,34,2024-01-27
3491,24,2023-12-07
3492,5,2023-10-12
3493,7,2024-01-19
3494,0,2024-02-27
3495,5,2023-12-09
3496,37,2024-02-01
3497,0,2023-12-09
3498,18,2024-01-10
3499,13,2023-12-10
3500,13,2024-01-28
3501,5,2024-01-30
3502,23,2024-01-18
3503,11,2024-01-24
3504,9,2024-02-10
3505,37,2024-02-24
3506,17,2023-12-06
3507,40,2023-10-21
3508,0,2023-11-26
3509,43,2023-12-13
3510,19,2023-12-25
3511,7,2023-12-13
3512,11,2023-11-10
3513,7,2024-02-15
3514,5,2023-12-16
3515,19,2023-12-15
3516,34,2023-11-15
3517,11,2023-07-20
3518,37,2023-10-28
3519,19,2023-12-16
3520,9,2024-02-07
3521,0,2024-03-27
3522,10,2024-01-29
3523,43,2023-12-17
3524,19,2023-11-23
3525,9,2023-12-17
3526,7,2024-04-09
3527,10,2023-10-14
3528,11,2023-12-18
3529,7,2023-12-24
3530,30,2023-12-11
3531,13,2023-12-20
3532,21,2023-11-18
3533,18,2024-01-12
3534,11,2023-12-20
3535,40,2023-10-30
3536,5,2024-01-10
3537,34,2023-10-29
3538,2,2024-02-01
3539,10,2023-11-02
3540,10,2024-01-15
3541,7,2023-12-31
3542,11,2023-12-26
3543,11,2024-01-10
3544,17,2023-12-24
3545,10,2024-01-28
3546,7,2023-12-18
3547,0,2024-02-17
3548,7,2023-12-25
3549,19,2023-11-29
3550,11,2023-11-04
3551,13,2023-12-26
3552,10,2023-09-25
3553,34,2024-01-08
3554,10,2023-12-27
3555,26,2023-10-07
3556,17,2023-12-28
3557,21,2024-03-04
3558,29,2024-01-10
3559,2,2023-12-29
3560,10,2023-12-29
3561,30,2024-02-23
3562,10,2023-11-10
3563,29,2024-01-27
3564,5,2023-12-19
3565,11,2023-12-31
3566,40,2024-03-07
3567,37,2024-01-01
3568,18,2024-02-03
3569,5,2024-01-01
3570,24,2024-01-29
3571,2,2024-01-02
3572,2,2023-12-11
3573,7,2024-01-28
3574,37,2023-11-19
3575,36,2024-03-27
3576,9,2024-01-03
3577,9,2023-12-30
3578,29,2023-11-15
3579,0,2023-12-25
3580,40,2024-01-25
3581,0,2024-01-04
3582,0,2024-01-05
3583,13,2024-02-13
3584,5,2024-01-06
3585,0,2024-01-07
3586,40,2024-01-28
3587,11,2024-03-13
3588,26,2024-01-13
3589,13,2024-02-27
3590,21,2024-02-04
3591,2,2023-10-26
3592,13,2024-02-06
3593,29,2024-01-24
3594,7,2024-02-09
3595,37,2024-03-15
3596,13,2024-01-11
3597,34,2024-02-26
3598,43,2024-03-05
3599,37,2024-02-20
3600,37,2024-01-07
3601,18,2023-11-26
3602,21,2023-11-21
3603,5,2023-12-26
3604,7,2024-03-01
3605,11,2024-03-19
3606,21,2024-01-13
3607,5,2024-01-14
3608,19,2023-12-10
3609,34,2023-12-28
3610,37,2024-01-20
3611,7,2023-11-26
3612,9,2024-01-02
3613,17,2024-01-17
3614,21,2024-01-17
3615,5,2023-12-12
3616,13,2023-12-16
3617,7,2024-01-18
3618,13,2024-01-12
3619,43,2024-01-18
3620,29,2024-05-05
3621,11,2024-02-17
3622,30,2024-02-02
3623,34,2024-01-19
3624,13,2024-01-06
3625,5,2024-01-02
3626,0,2024-01-20
3627,7,2024-02-05
3628,18,2024-01-21
3629,5,2023-12-20
3630,37,2024-01-23
3631,43,2024-01-13
3632,11,2024-01-23
3633,2,2024-01-23
3634,18,2024-01-01
3635,7,2023-12-11
3636,0,2023-12-29
3637,43,2024-03-06
3638,26,2023-12-15
3639,5,2024-02-28
3640,37,2024-01-04
3641,11,2024-01-26
3642,9,2024-02-12
3643,18,2024-01-26
3644,7,2024-03-02
3645,23,2024-02-18
3646,10,2024-01-26
3647,13,2024-01-21
3648,37,2024-03-17
3649,17,2023-12-07
3650,5,2024-01-15
3651,11,2024-02-07
3652,19,2024-04-04
3653,37,2024-01-25
3654,5,2024-01-28
3655,24,2024-01-28
3656,40,2024-01-29
3657,13,2023-11-06
3658,18,2024-02-29
3659,18,2024-03-21
3660,9,2024-04-13
3661,13,2024-01-04
3662,34,2024-01-29
3663,2,2024-01-29
3664,7,2024-02-03
3665,7,2024-01-29
3666,5,2024-02-13
3667,11,2023-12-10
3668,0,2024-01-27
3669,5,2024-03-26
3670,7,2024-01-31
3671,2,2024-03-09
3672,13,2024-02-01
3673,2,2023-12-09
3674,11,2024-02-01
3675,21,2024-02-14
3676,0,2024-05-08
3677,13,2024-02-12
3678,0,2024-02-02
3679,18,2024-02-02
3680,5,2023-12-31
3681,21,2023-12-25
3682,43,2023-11-23
3683,5,2024-02-03
3684,30,2024-02-03
3685,5,2024-02-04
3686,10,2023-12-22
3687,24,2024-02-04
3688,43,2024-01-27
3689,18,2024-04-01
3690,24,2024-03-26
3691,19,2024-03-12
3692,10,2024-02-06
3693,13,2024-03-04
3694,34,2023-12-16
3695,21,2023-12-30
3696,17,2024-02-10
3697,0,2024-03-20
3698,34,2024-02-23
3699,30,2024-02-08
3700,11,2024-03-18
3701,43,2024-03-20
3702,10,2023-10-15
3703,29,2023-11-24
3704,7,2023-12-15
3705,23,2024-05-09
3706,21,2024-02-24
3707,34,2024-01-11
3708,17,2024-01-30
3709,29,2024-02-10
3710,7,2024-01-02
3711,37,2024-02-19
3712,21,2024-02-12
3713,37,2024-03-18
3714,24,2024-03-23
3715,13,2024-01-26
3716,30,2023-12-14
3717,34,2024-02-13
3718,13,2024-03-06
3719,43,2024-02-08
3720,18,2023-11-25
3721,19,2024-03-13
3722,21,2024-01-24
3723,24,2024-05-02
3724,18,2024-02-10
3725,5,2024-03-18
3726,10,2024-03-01
3727,17,2024-02-15
3728,5,2024-02-16
3729,11,2024-03-02
3730,23,2024-04-06
3731,40,2024-02-17
3732,18,2024-03-18
3733,7,2024-02-17
3734,2,2024-03-08
3735,21,2024-01-26
3736,37,2024-02-07
3737,13,2024-04-13
3738,11,2024-02-18
3739,2,2024-01-12
3740,11,2024-01-08
3741,7,2024-02-19
3742,2,2024-04-15
3743,5,2024-02-06
3744,13,2024-04-03
3745,11,2024-02-21
3746,9,2024-02-21
3747,37,2024-02-21
3748,5,2024-02-22
3749,10,2024-02-22
3750,26,2024-02-22
3751,13,2024-01-20
3752,9,2023-12-29
3753,10,2024-04-16
3754,37,2024-02-25
3755,13,2024-02-24
3756,29,2024-04-24
3757,34,2024-04-19
3758,10,2024-02-24
3759,11,2024-02-25
3760,9,2024-02-25
3761,37,2024-03-23
3762,11,2024-02-23
3763,24,2024-04-07
3764,11,2024-03-03
3765,9,2024-03-31
3766,21,2024-02-26
3767,34,2024-02-05
3768,40,2024-02-26
3769,7,2024-03-22
3770,34,2024-02-14
3771,18,2024-01-04
3772,7,2024-01-09
3773,2,2024-02-08
3774,0,2024-03-17
3775,21,2024-02-28
3776,37,2024-01-12
3777,40,2024-02-06
3778,37,2024-01-27
3779,18,2024-03-17
3780,2,2024-01-31
3781,2,2024-02-29
3782,9,2024-02-29
3783,26,2024-02-29
3784,37,2024-05-30
3785,18,2024-03-02
3786,13,2024-01-13
3787,2,2024-05-26
3788,0,2024-03-21
3789,0,2024-02-16
3790,40,2024-03-16
3791,0,2024-02-26
3792,42,2024-06-23
3793,7,2024-02-26
3794,34,2024-04-13
3795,18,2024-03-01
3796,2,2024-03-04
3797,0,2024-03-06
3798,18,2024-03-04
3799,0,2024-03-05
3800,19,2024-03-05
3801,37,2023-12-09
3802,5,2024-03-05
3803,0,2024-02-10
3804,10,2023-12-03
3805,19,2024-01-24
3806,7,2024-03-11
3807,0,2024-05-04
3808,2,2024-02-28
3809,5,2024-03-08
3810,21,2024-03-20
3811,2,2024-04-14
3812,5,2024-03-10
3813,21,2024-03-24
3814,37,2024-04-28
3815,21,2024-06-23
3816,34,2024-02-17
3817,13,2024-03-10
3818,29,2024-06-02
3819,5,2024-03-11
3820,29,2024-02-27
3821,29,2024-02-03
3822,18,2024-02-14
3823,40,2024-01-23
3824,0,2024-02-08
3825,43,2024-04-11
3826,7,2024-04-20
3827,43,2024-01-19
3828,37,2024-03-12
3829,9,2024-01-19
3830,37,2024-03-13
3831,5,2024-05-13
3832,10,2024-03-20
3833,0,2024-02-14
3834,29,2024-03-14
3835,13,2024-03-14
3836,26,2024-03-14
3837,9,2024-03-15
3838,19,2024-03-15
3839,0,2024-01-26
3840,37,2024-02-28
3841,13,2024-05-07
3842,13,2024-03-15
3843,40,2024-04-18
3844,30,2024-05-11
3845,0,2024-05-01
3846,7,2024-04-17
3847,18,2024-03-16
3848,0,2024-03-16
3849,9,2024-02-20
3850,13,2024-03-19
3851,13,2024-03-25
3852,37,2024-01-31
3853,0,2024-03-18
3854,21,2024-02-25
3855,34,2024-05-13
3856,43,2024-02-27
3857,13,2024-03-18
3858,10,2024-02-15
3859,29,2023-12-24
3860,40,2024-03-19
3861,18,2023-12-08
3862,0,2024-01-02
3863,5,2024-03-06
3864,13,2024-05-14
3865,5,2024-03-20
3866,9,2024-02-19
3867,19,2024-02-02
3868,30,2024-05-16
3869,2,2024-03-18
3870,26,2024-02-18
3871,7,2024-03-08
3872,5,2024-01-17
3873,19,2024-04-30
3874,34,2024-01-13
3875,10,2024-05-14
3876,7,2024-04-18
3877,2,2024-05-07
3878,2,2024-02-19
3879,10,2024-02-12
3880,13,2024-05-08
3881,24,2024-04-12
3882,13,2024-03-23
3883,2,2024-03-19
3884,10,2024-01-25
3885,10,2024-04-17
3886,13,2024-01-16
3887,5,2024-03-28
3888,0,2024-05-06
3889,0,2024-03-25
3890,0,2024-04-15
3891,43,2024-04-30
3892,2,2024-04-21
3893,46,2024-05-04
3894,2,2024-03-24
3895,24,2024-04-02
3896,21,2023-12-04
3897,26,2024-03-27
3898,0,2024-04-16
3899,13,2024-01-31
3900,11,2024-05-06
3901,26,2024-03-24
3902,18,2024-06-14
3903,7,2024-06-08
3904,11,2024-03-30
3905,7,2024-04-16
3906,13,2024-05-21
3907,37,2024-03-31
3908,9,2024-04-17
3909,13,2024-04-01
3910,10,2024-02-05
3911,9,2024-04-01
3912,18,2024-04-02
3913,13,2024-02-29
3914,11,2024-04-02
3915,9,2024-04-16
3916,9,2024-04-28
3917,24,2024-03-15
3918,18,2024-04-04
3919,0,2024-03-11
3920,19,2024-04-05
3921,43,2024-03-13
3922,0,2024-04-05
3923,37,2024-04-25
3924,11,2024-04-06
3925,5,2024-05-18
3926,19,2024-06-18
3927,18,2024-04-25
3928,11,2024-05-08
3929,13,2024-03-12
3930,2,2024-03-10
3931,13,2024-04-09
3932,40,2024-03-12
3933,0,2024-04-10
3934,36,2024-05-31
3935,18,2024-03-28
3936,37,2024-04-26
3937,30,2024-04-10
3938,11,2024-03-21
3939,37,2024-05-07
3940,11,2024-03-12
3941,5,2024-04-29
3942,11,2024-04-23
3943,0,2024-03-12
3944,24,2024-07-05
3945,2,2024-05-25
3946,18,2024-05-03
3947,21,2024-04-06
3948,40,2024-05-31
3949,7,2024-07-16
3950,0,2024-03-26
3951,11,2024-06-07
3952,37,2024-04-14
3953,11,2024-01-22
3954,24,2024-02-25
3955,2,2024-02-23
3956,11,2024-03-29
3957,24,2024-04-16
3958,0,2024-02-11
3959,24,2024-05-10
3960,0,2024-04-19
3961,21,2024-04-17
3962,24,2024-05-29
3963,30,2024-04-17
3964,11,2024-04-10
3965,7,2024-04-13
3966,34,2024-05-17
3967,24,2024-05-08
3968,37,2024-02-10
3969,30,2024-03-12
3970,11,2024-06-10
3971,13,2024-04-19
3972,11,2024-03-10
3973,10,2024-01-04
3974,18,2024-03-12
3975,23,2024-04-19
3976,0,2024-06-18
3977,9,2024-04-20
3978,13,2024-08-01
3979,40,2024-05-20
3980,5,2024-04-21
3981,24,2024-04-21
3982,2,2024-06-15
3983,9,2024-05-05
3984,7,2024-04-21
3985,10,2024-04-21
3986,21,2024-04-28
3987,40,2024-04-22
3988,11,2024-03-25
3989,2,2024-04-22
3990,43,2024-04-06
3991,21,2024-05-24
3992,37,2024-04-11
3993,30,2024-01-27
3994,2,2024-04-24
3995,18,2024-05-27
3996,29,2024-05-11
3997,36,2024-06-14
3998,24,2024-07-09
3999,7,2024-02-29
4000,19,2024-06-15
4001,19,2024-02-26
4002,21,2024-04-29
4003,21,2024-06-05
4004,5,2024-04-26
4005,13,2024-04-26
4006,7,2024-04-26
4007,5,2024-03-16
4008,34,2024-04-27
4009,11,2024-04-25
4010,19,2024-04-10
4011,40,2024-04-14
4012,40,2024-04-27
4013,5,2024-07-12
4014,2,2024-03-17
4015,13,2024-05-22
4016,19,2024-05-20
4017,7,2024-04-30
4018,18,2024-05-05
4019,46,2024-06-11
4020,37,2024-04-22
4021,34,2024-04-29
4022,11,2024-06-21
4023,21,2024-06-17
4024,29,2024-05-26
4025,7,2024-02-13
4026,30,2024-06-02
4027,0,2024-04-30
4028,26,2024-04-29
4029,2,2024-05-01
4030,43,2024-05-01
4031,2,2024-03-20
4032,7,2024-04-25
4033,0,2024-07-04
4034,0,2024-03-19
4035,5,2024-05-25
4036,30,2024-03-21
4037,13,2024-09-04
4038,11,2024-04-22
4039,21,2024-05-03
4040,26,2024-05-04
4041,24,2024-03-07
4042,37,2024-03-29
4043,9,2024-05-11
4044,24,2024-05-04
4045,37,2024-07-20
4046,5,2024-06-09
4047,5,2024-04-17
4048,24,2024-06-29
4049,18,2024-04-14
4050,29,2024-04-18
4051,2,2024-05-05
4052,37,2024-03-25
4053,34,2024-04-10
4054,2,2024-06-14
4055,5,2024-05-06
4056,37,2024-02-15
4057,7,2024-04-04
4058,40,2024-03-15
4059,10,2024-07-20
4060,43,2024-03-10
4061,43,2024-06-07
4062,5,2024-04-13
4063,29,2024-03-10
4064,13,2024-03-20
4065,29,2024-03-15
4066,46,2024-06-28
4067,19,2024-06-02
4068,19,2024-05-08
4069,0,2024-05-25
4070,29,2024-05-27
4071,0,2024-05-09
4072,46,2024-07-06
4073,36,2024-05-10
4074,0,2024-06-30
4075,7,2024-05-10
4076,26,2024-04-11
4077,7,2024-06-16
4078,29,2024-03-16
4079,5,2024-04-05
4080,43,2024-03-31
4081,37,2024-06-16
4082,13,2024-05-04
4083,37,2024-04-08
4084,24,2024-06-09
4085,2,2024-05-13
4086,34,2024-03-26
4087,43,2024-05-14
4088,9,2024-05-14
4089,23,2024-04-04
4090,10,2024-05-11
4091,0,2024-09-10
4092,19,2024-05-23
4093,19,2024-05-15
4094,19,2024-05-01
4095,18,2024-06-15
4096,0,2024-07-06
4097,9,2024-02-11
4098,18,2024-05-18
4099,43,2024-03-22
4100,2,2024-03-02
4101,7,2024-05-19
4102,29,2024-05-20
4103,21,2024-06-01
4104,43,2024-05-04
4105,43,2024-06-30
4106,37,2024-05-24
4107,2,2024-07-07
4108,24,2024-06-02
4109,34,2024-03-29
4110,29,2024-05-22
4111,34,2024-04-20
4112,5,2024-05-22
4113,0,2024-05-22
4114,7,2024-06-06
4115,7,2024-05-23
4116,11,2024-05-23
4117,29,2024-08-04
4118,2,2024-07-15
4119,10,2024-05-24
4120,13,2024-06-04
4121,42,2024-05-30
4122,2,2024-07-08
4123,13,2024-05-24
4124,34,2024-05-24
4125,19,2024-05-21
4126,46,2024-07-07
4127,0,2024-05-07
4128,18,2024-05-09
4129,0,2024-07-01
4130,10,2024-02-18
4131,30,2024-07-07
4132,0,2024-07-28
4133,42,2024-06-17
4134,9,2024-05-26
4135,13,2024-05-27
4136,36,2024-04-27
4137,42,2024-07-02
4138,36,2024-04-22
4139,2,2024-10-16
4140,24,2024-07-30
4141,13,2024-05-18
4142,21,2024-05-26
4143,11,2024-05-26
4144,43,2024-05-26
4145,19,2024-05-27
4146,0,2024-06-19
4147,5,2024-09-06
4148,7,2024-05-28
4149,5,2024-05-28
4150,34,2024-04-17
4151,40,2024-05-29
4152,5,2024-04-07
4153,10,2024-05-30
4154,10,2024-06-07
4155,2,2024-06-26
4156,2,2024-04-01
4157,18,2024-06-19
4158,7,2024-04-29
4159,13,2024-05-31
4160,11,2024-07-19
4161,7,2024-06-19
4162,43,2024-04-05
4163,5,2024-06-01
4164,43,2024-06-28
4165,29,2024-06-01
4166,0,2024-06-01
4167,37,2024-10-15
4168,11,2024-06-02
4169,10,2024-05-13
4170,9,2024-05-18
4171,0,2024-06-28
4172,29,2024-06-23
4173,30,2024-06-28
4174,9,2024-06-03
4175,7,2024-06-03
4176,2,2024-06-03
4177,0,2024-07-17
4178,5,2024-05-24
4179,26,2024-03-02
4180,7,2024-06-27
4181,11,2024-06-19
4182,24,2024-07-15
4183,13,2024-06-07
4184,24,2024-06-07
4185,0,2024-04-17
4186,26,2024-05-07
4187,11,2024-07-06
4188,21,2024-07-11
4189,46,2024-08-09
4190,9,2024-06-08
4191,26,2024-06-08
4192,43,2024-03-23
4193,40,2024-06-08
4194,34,2024-04-21
4195,21,2024-06-11
4196,42,2024-07-05
4197,0,2024-04-11
4198,21,2024-05-06
4199,13,2024-05-10
4200,11,2024-05-07
4201,40,2024-06-27
4202,21,2024-07-02
4203,40,2024-06-23
4204,2,2024-07-14
4205,34,2024-06-11
4206,19,2024-07-02
4207,24,2024-07-11
4208,7,2024-06-11
4209,13,2024-04-30
4210,36,2024-06-12
4211,0,2024-03-02
4212,46,2024-07-23
4213,10,2024-08-10
4214,9,2024-06-14
4215,19,2024-05-13
4216,18,2024-07-10
4217,5,2024-07-08
4218,40,2024-03-24
4219,7,2024-08-12
4220,7,2024-06-09
4221,0,2024-10-22
4222,37,2024-07-30
4223,0,2024-06-23
4224,0,2024-06-25
4225,30,2024-08-07
4226,0,2024-05-12
4227,2,2024-04-30
4228,26,2024-04-20
4229,36,2024-06-06
4230,21,2024-06-16
4231,21,2024-09-30
4232,2,2024-04-26
4233,26,2024-06-02
4234,18,2024-06-12
4235,37,2024-07-23
4236,0,2024-06-17
4237,26,2024-05-26
4238,11,2024-07-29
4239,7,2024-04-28
4240,30,2024-05-23
4241,24,2024-06-18
4242,43,2024-06-23
4243,2,2024-05-28
4244,11,2024-07-27
4245,36,2024-07-22
4246,9,2024-06-28
4247,13,2024-05-26
4248,24,2024-07-12
4249,7,2024-06-30
4250,18,2024-06-25
4251,40,2024-07-04
4252,37,2024-06-02
4253,2,2024-03-23
4254,29,2024-06-18
4255,40,2024-06-30
4256,11,2024-07-31
4257,18,2024-06-21
4258,18,2024-06-22
4259,7,2024-07-14
4260,13,2024-07-18
4261,7,2024-07-27
4262,7,2024-05-25
4263,11,2024-05-16
4264,2,2024-08-20
4265,24,2024-06-23
4266,0,2024-08-03
4267,0,2024-04-26
4268,5,2024-08-13
4269,7,2024-08-04
4270,0,2024-10-10
4271,19,2024-04-22
4272,24,2024-06-24
4273,18,2024-06-30
4274,0,2024-07-11
4275,29,2024-05-14
4276,0,2024-05-27
4277,43,2024-06-25
4278,29,2024-06-25
4279,37,2024-06-25
4280,0,2024-05-05
4281,21,2024-06-26
4282,24,2024-07-17
4283,13,2024-06-30
4284,24,2024-07-26
4285,19,2024-08-04
4286,7,2024-07-18
4287,13,2024-06-21
4288,9,2024-06-17
4289,18,2024-08-18
4290,18,2024-06-10
4291,11,2024-05-02
4292,9,2024-06-27
4293,37,2024-06-14
4294,13,2024-06-27
4295,18,2024-06-09
4296,11,2024-06-28
4297,0,2024-07-29
4298,2,2024-06-12
4299,24,2024-06-28
4300,24,2024-07-16
4301,11,2024-06-13
4302,11,2024-07-23
4303,36,2024-05-24
4304,37,2024-06-29
4305,9,2024-05-08
4306,18,2024-07-04
4307,0,2024-07-30
4308,43,2024-09-04
4309,11,2024-05-27
4310,19,2024-04-29
4311,2,2024-06-30
4312,11,2024-08-20
4313,34,2024-06-17
4314,11,2024-05-15
4315,11,2024-08-02
4316,24,2024-07-01
4317,7,2024-07-13
4318,40,2024-07-01
4319,29,2024-06-10
4320,5,2024-08-07
4321,29,2024-05-30
4322,46,2024-06-21
4323,2,2024-07-03
4324,11,2024-07-04
4325,7,2024-07-20
4326,9,2024-03-26
4327,24,2024-06-20
4328,11,2024-06-12
4329,0,2024-08-04
4330,11,2024-04-11
4331,9,2024-04-24
4332,5,2024-04-25
4333,37,2024-07-06
4334,42,2024-07-06
4335,13,2024-07-09
4336,2,2024-06-09
4337,24,2024-07-21
4338,46,2024-06-29
4339,0,2024-10-05
4340,29,2024-07-02
4341,13,2024-07-07
4342,0,2024-07-21
4343,21,2024-09-01
4344,13,2024-06-14
4345,37,2024-10-01
4346,18,2024-06-16
4347,37,2024-06-17
4348,11,2024-09-10
4349,2,2024-10-24
4350,42,2024-07-08
4351,2,2024-05-03
4352,18,2024-07-09
4353,24,2024-07-10
4354,21,2024-04-27
4355,24,2024-09-12
4356,11,2024-05-30
4357,29,2024-06-07
4358,43,2024-07-10
4359,0,2024-07-10
4360,11,2024-07-08
4361,7,2024-06-18
4362,2,2024-05-12
4363,0,2024-06-15
4364,10,2024-09-29
4365,13,2024-06-19
4366,13,2024-07-12
4367,18,2024-08-17
4368,7,2024-07-12
4369,7,2024-09-06
4370,42,2024-06-30
4371,9,2024-10-04
4372,24,2024-10-04
4373,0,2024-08-24
4374,37,2024-07-29
4375,13,2024-10-04
4376,10,2024-09-05
4377,24,2024-07-14
4378,43,2024-08-13
4379,7,2024-08-06
4380,37,2024-08-10
4381,34,2024-10-08
4382,40,2024-07-14
4383,7,2024-05-21
4384,30,2024-08-22
4385,43,2024-08-14
4386,34,2024-07-15
4387,10,2024-05-03
4388,9,2024-05-24
4389,2,2024-06-06
4390,43,2024-07-31
4391,5,2024-06-29
4392,9,2024-06-24
4393,7,2024-05-04
4394,18,2024-07-17
4395,7,2024-08-27
4396,7,2024-09-08
4397,30,2024-07-21
4398,43,2024-07-17
4399,5,2024-10-03
4400,24,2024-06-15
4401,13,2024-07-27
4402,40,2024-06-04
4403,18,2024-07-16
4404,40,2024-04-19
4405,5,2024-06-16
4406,37,2024-05-31
4407,30,2024-07-15
4408,7,2024-08-08
4409,0,2024-07-19
4410,0,2024-08-28
4411,2,2024-09-10
4412,43,2024-05-27
4413,40,2024-05-27
4414,29,2024-07-17
4415,46,2024-07-21
4416,5,2024-08-11
4417,7,2024-07-21
4418,46,2024-08-19
4419,29,2024-07-10
4420,10,2024-10-04
4421,34,2024-09-15
4422,34,2024-07-23
4423,13,2024-07-10
4424,30,2024-06-24
4425,2,2024-07-23
4426,5,2024-06-19
4427,13,2024-09-05
4428,40,2024-09-29
4429,43,2024-08-15
4430,2,2024-05-21
4431,0,2024-07-13
4432,10,2024-10-10
4433,29,2024-07-25
4434,5,2024-08-06
4435,13,2024-10-17
4436,10,2024-08-25
4437,7,2024-07-26
4438,2,2024-08-22
4439,30,2024-09-19
4440,24,2024-07-27
4441,9,2024-05-21
4442,24,2024-07-06
4443,9,2024-07-15
4444,13,2024-06-23
4445,18,2024-08-03
4446,24,2024-07-28
4447,42,2024-07-10
4448,13,2024-07-14
4449,19,2024-08-26
4450,24,2024-06-13
4451,24,2024-07-29
4452,13,2024-08-13
4453,18,2024-07-13
4454,36,2024-07-04
4455,43,2024-08-22
4456,43,2024-09-24
4457,5,2024-07-01
4458,37,2024-08-08
4459,18,2024-08-28
4460,30,2024-08-18
4461,0,2024-08-06
4462,13,2024-06-18
4463,0,2024-06-27
4464,37,2024-07-31
4465,9,2024-06-23
4466,9,2024-08-01
4467,11,2024-08-15
4468,46,2024-08-01
4469,18,2024-06-26
4470,5,2024-09-26
4471,34,2024-08-10
4472,34,2024-09-20
4473,5,2024-07-22
4474,29,2024-07-11
4475,13,2024-06-10
4476,11,2024-06-17
4477,7,2024-08-11
4478,2,2024-10-11
4479,24,2024-08-21
4480,10,2024-08-22
4481,19,2024-08-01
4482,30,2024-09-22
4483,0,2024-06-24
4484,37,2024-09-05
4485,13,2024-09-03
4486,7,2024-08-05
4487,13,2024-08-30
4488,0,2024-09-16
4489,0,2024-08-05
4490,30,2024-10-11
4491,21,2024-07-25
4492,18,2024-07-31
4493,5,2024-08-19
4494,30,2024-07-24
4495,21,2024-09-28
4496,11,2024-08-07
4497,13,2024-07-15
4498,5,2024-09-19
4499,9,2024-08-07
4500,30,2024-09-12
4501,5,2024-07-17
4502,2,2024-08-08
4503,43,2024-10-12
4504,30,2024-08-08
4505,37,2024-06-27
4506,40,2024-05-02
4507,7,2024-08-09
4508,11,2024-09-28
4509,7,2024-09-11
4510,2,2024-08-02
4511,0,2024-07-12
4512,13,2024-08-21
4513,34,2024-08-05
4514,0,2024-10-03
4515,29,2024-09-14
4516,30,2024-05-25
4517,7,2024-09-30
4518,40,2024-08-11
4519,0,2024-08-07
4520,9,2024-05-07
4521,13,2024-06-09
4522,0,2024-06-21
4523,13,2024-08-10
4524,2,2024-07-21
4525,21,2024-10-14
4526,24,2024-08-22
4527,5,2024-09-18
4528,9,2024-08-13
4529,10,2024-08-16
4530,30,2024-08-19
4531,19,2024-07-15
4532,37,2024-08-14
4533,30,2024-08-15
4534,24,2024-10-18
4535,9,2024-09-01
4536,13,2024-07-13
4537,0,2024-10-17
4538,0,2024-10-18
4539,37,2024-10-14
4540,11,2024-08-13
4541,43,2024-09-30
4542,7,2024-10-10
4543,43,2024-08-17
4544,24,2024-08-08
4545,0,2024-09-15
4546,13,2024-08-17
4547,5,2024-08-17
4548,30,2024-09-25
4549,5,2024-06-11
4550,11,2024-09-17
4551,5,2024-07-24
4552,19,2024-06-30
4553,13,2024-10-01
4554,0,2024-08-19
4555,11,2024-10-15
4556,2,2024-10-10
4557,11,2024-08-22
4558,7,2024-07-08
4559,30,2024-09-09
4560,10,2024-09-22
4561,11,2024-09-30
4562,34,2024-06-29
4563,18,2024-09-19
4564,37,2024-09-23
4565,11,2024-07-30
4566,13,2024-10-20
4567,40,2024-09-08
4568,29,2024-08-21
4569,13,2024-06-28
4570,2,2024-10-05
4571,10,2024-07-19
4572,21,2024-06-22
4573,0,2024-05-31
4574,2,2024-10-17
4575,7,2024-08-19
4576,0,2024-09-11
4577,21,2024-08-22
4578,7,2024-09-07
4579,37,2024-07-28
4580,24,2024-10-09
4581,7,2024-07-19
4582,10,2024-08-23
4583,7,2024-04-27
4584,37,2024-09-10
4585,0,2024-08-20
4586,9,2024-08-26
4587,42,2024-06-27
4588,2,2024-07-24
4589,40,2024-07-24
4590,34,2024-09-18
4591,24,2024-08-25
4592,13,2024-08-31
4593,11,2024-09-18
4594,0,2024-08-15
4595,11,2024-10-23
4596,43,2024-09-28
4597,43,2024-09-08
4598,24,2024-08-01
4599,30,2024-08-27
4600,11,2024-10-19
4601,2,2024-05-30
4602,37,2024-08-28
4603,2,2024-07-30
4604,13,2024-10-08
4605,43,2024-08-19
4606,37,2024-10-20
4607,2,2024-08-23
4608,42,2024-07-07
4609,18,2024-08-05
4610,2,2024-10-14
4611,18,2024-08-30
4612,40,2024-10-10
4613,0,2024-08-30
4614,0,2024-08-29
4615,9,2024-07-27
4616,30,2024-09-11
4617,24,2024-09-16
4618,13,2024-09-29
4619,13,2024-09-01
4620,19,2024-10-15
4621,7,2024-10-06
4622,24,2024-08-09
4623,11,2024-07-14
4624,0,2024-10-07
4625,11,2024-09-02
4626,7,2024-10-24
4627,18,2024-09-30
4628,43,2024-09-18
4629,29,2024-10-09
4630,19,2024-09-29
4631,2,2024-08-30
4632,18,2024-09-18
4633,13,2024-08-29
4634,7,2024-10-18
4635,29,2024-08-30
4636,0,2024-09-05
4637,7,2024-10-08
4638,2,2024-10-25
4639,21,2024-08-23
4640,29,2024-10-15
4641,10,2024-08-18
4642,43,2024-07-12
4643,2,2024-10-18
4644,0,2024-09-13
4645,30,2024-09-06
4646,10,2024-09-06
4647,19,2024-08-13
4648,19,2024-10-26
4649,30,2024-09-14
4650,19,2024-07-24
4651,43,2024-10-10
4652,0,2024-08-17
4653,18,2024-09-02
4654,18,2024-10-19
4655,13,2024-10-05
4656,40,2024-10-12
4657,0,2024-08-13
4658,11,2024-09-09
4659,13,2024-09-09
4660,30,2024-09-24
4661,30,2024-09-20
4662,24,2024-09-04
4663,13,2024-08-23
4664,13,2024-08-09
4665,29,2024-07-27
4666,30,2024-08-04
4667,2,2024-08-03
4668,11,2024-07-12
4669,30,2024-06-27
4670,30,2024-09-28
4671,9,2024-10-07
4672,5,2024-07-28
4673,7,2024-08-23
4674,19,2024-09-13
4675,40,2024-08-15
4676,13,2024-09-12
4677,2,2024-07-17
4678,19,2024-06-20
4679,11,2024-09-13
4680,40,2024-09-28
4681,30,2024-10-01
4682,34,2024-09-14
4683,11,2024-09-07
4684,19,2024-08-10
4685,46,2024-09-19
4686,11,2024-08-26
4687,7,2024-10-12
4688,2,2024-10-27
4689,21,2024-06-24
4690,9,2024-09-29
4691,2,2024-10-06
4692,7,2024-09-10
4693,5,2024-10-04
4694,11,2024-10-22
4695,37,2024-10-22
4696,43,2024-09-16
4697,34,2024-10-07
4698,30,2024-09-16
4699,37,2024-10-16
4700,24,2024-08-11
4701,11,2024-06-27
4702,2,2024-09-17
4703,24,2024-10-11
4704,13,2024-08-16
4705,7,2024-09-28
4706,5,2024-09-17
4707,2,2024-10-21
4708,29,2024-09-18
4709,30,2024-08-13
4710,2,2024-06-08
4711,7,2024-09-18
4712,37,2024-09-19
4713,30,2024-09-03
4714,0,2024-07-09
4715,13,2024-10-07
4716,34,2024-10-01
4717,13,2024-09-16
4718,0,2024-09-28
4719,7,2024-09-24
4720,13,2024-07-11
4721,43,2024-09-19
4722,0,2024-09-19
4723,43,2024-08-20
4724,18,2024-09-17
4725,9,2024-08-18
4726,21,2024-09-19
4727,2,2024-08-11
4728,5,2024-09-20
4729,34,2024-10-23
4730,46,2024-09-10
4731,34,2024-09-21
4732,29,2024-09-24
4733,5,2024-08-02
4734,29,2024-10-21
4735,0,2024-10-21
4736,9,2024-09-20
4737,11,2024-10-08
4738,0,2024-09-21
4739,13,2024-09-21
4740,29,2024-09-01
4741,18,2024-08-27
4742,24,2024-09-22
4743,34,2024-09-22
4744,18,2024-09-22
4745,11,2024-08-03
4746,34,2024-09-23
4747,7,2024-09-23
4748,10,2024-07-23
4749,30,2024-10-20
4750,21,2024-09-25
4751,9,2024-09-23
4752,46,2024-09-24
4753,34,2024-10-16
4754,0,2024-09-24
4755,46,2024-07-30
4756,18,2024-10-25
4757,5,2024-07-27
4758,18,2024-09-07
4759,18,2024-09-25
4760,30,2024-10-13
4761,13,2024-09-23
4762,43,2024-09-07
4763,9,2024-09-25
4764,9,2024-09-04
4765,30,2024-10-02
4766,0,2024-09-30
4767,24,2024-09-25
4768,43,2024-08-16
4769,9,2024-09-26
4770,0,2024-10-02
4771,2,2024-09-26
4772,43,2024-08-23
4773,2,2024-09-16
4774,21,2024-10-22
4775,7,2024-09-27
4776,40,2024-10-11
4777,18,2024-08-06
4778,24,2024-10-09
4779,2,2024-10-22
4780,13,2024-10-11
4781,11,2024-08-29
4782,11,2024-09-19
4783,9,2024-10-20
4784,40,2024-10-05
4785,40,2024-08-09
4786,13,2024-09-15
4787,13,2024-09-28
4788,18,2024-10-18
4789,37,2024-08-15
4790,30,2024-09-29
4791,18,2024-09-28
4792,7,2024-10-19
4793,7,2024-10-21
4794,5,2024-09-27
4795,18,2024-10-17
4796,13,2024-09-30
4797,34,2024-09-19
4798,13,2024-08-06
4799,2,2024-10-23
4800,7,2024-07-17
4801,0,2024-09-29
4802,37,2024-06-30
4803,2,2024-09-25
4804,2,2024-08-10
4805,24,2024-10-13
4806,7,2024-09-19
4807,43,2024-10-09
4808,0,2024-08-23
4809,30,2024-07-08
4810,29,2024-10-01
4811,9,2024-10-02
4812,5,2024-07-19
4813,0,2024-09-22
4814,7,2024-10-02
4815,2,2024-10-02
4816,2,2024-10-28
4817,37,2024-08-19
4818,43,2024-10-03
4819,24,2024-10-03
4820,13,2024-10-03
4821,11,2024-10-03
4822,43,2024-10-26
4823,37,2024-09-01
4824,13,2024-08-19
4825,13,2024-07-31
4826,43,2024-10-04
4827,29,2024-10-14
4828,5,2024-09-25
4829,29,2024-08-24
4830,0,2024-10-16
4831,43,2024-09-21
4832,34,2024-09-16
4833,13,2024-09-08
4834,13,2024-09-17
4835,10,2024-10-05
4836,24,2024-10-02
4837,24,2024-09-28
4838,34,2024-10-26
4839,13,2024-10-24
4840,21,2024-06-19
4841,11,2024-09-01
4842,37,2024-09-11
4843,10,2024-09-09
4844,34,2024-09-25
4845,7,2024-09-15
4846,0,2024-08-26
4847,29,2024-10-06
4848,11,2024-10-20
4849,5,2024-06-25
4850,19,2024-08-25
4851,21,2024-10-04
4852,34,2024-10-09
4853,18,2024-07-28
4854,21,2024-10-10
4855,11,2024-10-07
4856,7,2024-10-07
4857,43,2024-10-07
4858,0,2024-09-03
4859,37,2024-09-13
4860,5,2024-09-10
4861,30,2024-10-05
4862,34,2024-09-04
4863,2,2024-08-29
4864,18,2024-10-08
4865,24,2024-08-03
4866,34,2024-10-10
4867,0,2024-10-08
4868,0,2024-10-01
4869,18,2024-10-09
4870,5,2024-10-13
4871,7,2024-08-21
4872,30,2024-10-09
4873,0,2024-10-09
4874,9,2024-10-06
4875,21,2024-09-15
4876,18,2024-08-04
4877,13,2024-10-10
4878,29,2024-08-22
4879,29,2024-07-18
4880,9,2024-09-15
4881,43,2024-08-05
4882,2,2024-09-21
4883,18,2024-07-26
4884,30,2024-08-16
4885,46,2024-08-30
4886,11,2024-10-10
4887,37,2024-10-10
4888,18,2024-09-21
4889,11,2024-10-14
4890,7,2024-08-18
4891,7,2024-10-11
4892,10,2024-10-14
4893,5,2024-10-07
4894,5,2024-10-11
4895,7,2024-09-12
4896,24,2024-10-07
4897,24,2024-09-11
4898,5,2024-10-02
4899,0,2024-10-12
4900,43,2024-09-23
4901,2,2024-10-12
4902,21,2024-08-27
4903,13,2024-10-12
4904,7,2024-10-13
4905,11,2024-10-05
4906,30,2024-09-01
4907,2,2024-10-01
4908,2,2024-10-13
4909,9,2024-07-17
4910,13,2024-08-22
4911,43,2024-07-15
4912,18,2024-10-11
4913,34,2024-10-04
4914,18,2024-07-27
4915,0,2024-10-24
4916,7,2024-10-14
4917,37,2024-10-09
4918,13,2024-09-25
4919,13,2024-10-14
4920,0,2024-09-07
4921,37,2024-10-17
4922,34,2024-07-07
4923,2,2024-10-15
4924,43,2024-10-15
4925,43,2024-10-13
4926,18,2024-07-11
4927,9,2024-09-05
4928,18,2024-10-16
4929,13,2024-10-16
4930,21,2024-09-16
4931,40,2024-10-16
4932,11,2024-09-15
4933,30,2024-10-16
4934,0,2024-10-04
4935,13,2024-10-13
4936,43,2024-09-20
4937,18,2024-09-24
4938,10,2024-09-30
4939,11,2024-10-17
4940,0,2024-10-15
4941,24,2024-09-15
4942,7,2024-10-03
4943,43,2024-08-24
4944,11,2024-09-26
4945,13,2024-10-18
4946,19,2024-09-15
4947,13,2024-09-18
4948,0,2024-10-25
4949,5,2024-08-05
4950,46,2024-10-19
4951,0,2024-10-19
4952,24,2024-10-19
4953,43,2024-09-27
4954,34,2024-08-26
4955,9,2024-10-14
4956,2,2024-10-20
4957,0,2024-10-20
4958,21,2024-10-20
4959,18,2024-09-03
4960,34,2024-10-05
4961,37,2024-08-29
4962,10,2024-09-26
4963,11,2024-10-21
4964,21,2024-10-08
4965,7,2024-09-03
4966,11,2024-09-03
4967,11,2024-08-31
4968,24,2024-10-21
4969,7,2024-09-26
4970,13,2024-10-06
4971,5,2024-09-28
4972,13,2024-10-22
4973,2,2024-09-20
4974,2,2024-10-04
4975,30,2024-10-10
4976,0,2024-10-23
4977,13,2024-09-20
4978,18,2024-10-21
4979,7,2024-10-16
4980,37,2024-09-18
4981,46,2024-10-24
4982,37,2024-10-24
4983,18,2024-09-10
4984,11,2024-10-24
4985,24,2024-09-03
4986,7,2024-09-29
4987,24,2024-10-25
4988,7,2024-10-25
4989,10,2024-10-07
4990,37,2024-10-19
4991,30,2024-10-08
4992,18,2024-10-07
4993,0,2024-10-26
4994,21,2024-10-12
4995,40,2024-10-26
4996,2,2024-10-26
4997,18,2024-09-06
4998,7,2024-08-24
4999,21,2024-10-05
